act_number,tree_adress,Latitude,Longitude,tree_cut_requester,tree_characteristics,number,date,cutting_act,was_cut,date_number,date_UTF,tree_adress_shorten,name_who_ordered
"№ 3608
 від 09.01.18","вул. Генерала Родимцева, 94 (за будинком)",48.4972704,32.3071419,КП «ЖЕО № 2» Міської ради міста Кропивницького,клен,1,№ 328/03-01-06 від 16.02.18,16.02.18,True,№ 328/03-01-06,16.02.18,"м. Кропивницький вул. Генерала Родимцева, 94",unknown
"№ 3609
 від 09.01.18","м. Кропивницький вул. Героїв України, 12, корп. 5 (позаду під'їзду № 3)",48.4941379,32.218763,КП «ЖЕО № 4» Міської ради міста Кропивницького,тополя,1,№ 328/03-01-06 від 16.02.18,16.02.18,True,№ 328/03-01-06,16.02.18,"м. Кропивницький вул. Героїв України, 12, корп. 5",КП «ЖЕО № 4» Міської ради міста Кропивницького
"№ 3609
 від 09.01.18","м. Кропивницький вул. Героїв України, 12, корп. 5 (позаду під'їзду № 5 та № 6)",48.494176,32.2187183,КП «ЖЕО № 4» Міської ради міста Кропивницького,вишня,5,№ 328/03-01-06 від 16.02.18,16.02.18,True,№ 328/03-01-06,16.02.18,"м. Кропивницький вул. Героїв України, 12, корп. 5",КП «ЖЕО № 4» Міської ради міста Кропивницького
"№ 3609
 від 09.01.18","м. Кропивницький вул. Героїв України, 12, корп. 5 (з боку під'їзду № 6)",48.4941946,32.2187334,КП «ЖЕО № 4» Міської ради міста Кропивницького,абрикос,1,№ 328/03-01-06 від 16.02.18,16.02.18,True,№ 328/03-01-06,16.02.18,"м. Кропивницький вул. Героїв України, 12, корп. 5",КП «ЖЕО № 4» Міської ради міста Кропивницького
"№ 3609
 від 09.01.18","м. Кропивницький вул. Пацаєва, 12, корп. 2",48.4955177,32.2178,КП «ЖЕО № 4» Міської ради міста Кропивницького,акація,1,№ 328/03-01-06 від 16.02.18,16.02.18,True,№ 328/03-01-06,16.02.18,"м. Кропивницький вул. Пацаєва, 12, корп. 2",КП «ЖЕО № 4» Міської ради міста Кропивницького
"№ 3610
 від 09.01.18",м. Кропивницький на перехресті вулиць Верхньої Биковської та Великої Перспективної,48.511613200000006,32.2683721,КП «Благоустрій» Міської ради міста Кропивницького»,акація,1,№ 818/03-01-06 від 26.03.18,26.03.18,True,№ 818/03-01-06,26.03.18,м. Кропивницький на перехресті вулиць Верхньої Биковської та Великої Перспективної,КП «Благоустрій» Міської ради міста Кропивницького»
"№ 3611
 від 09.01.18","м. Кропивницький вул. Миколи Левитського (між будинками
 № 1-а та № 1/49)",48.533051,32.274941,КП «Благоустрій» Міської ради міста Кропивницького»,акація,1,№ 933/03-01-06 від 06.04.18,06.04.18,True,№ 933/03-01-06,06.04.18,м. Кропивницький вул. Миколи Левитського,unknown
"№ 3611
 від 09.01.18",м. Кропивницький просп. Винниченка (уздовж дороги між будинками № 32 та кафе «Старий круг»),48.509702000000004,32.25772,КП «Благоустрій» Міської ради міста Кропивницького»,тополя,1,№ 933/03-01-06 від 06.04.18,06.04.18,True,№ 933/03-01-06,06.04.18,м. Кропивницький просп. Винниченка,КП «Благоустрій» Міської ради міста Кропивницького»
"№ 3612
 від 09.01.18",м. Кропивницький вул. Михайлівська (біля обласного центру планування сім'ї та репродукції людини),48.514263,32.278965,КП «Благоустрій» Міської ради міста Кропивницького»,берест,1,№ 345-в від 20.01.18,20.01.18,True,№ 345-в,20.01.18,м. Кропивницький вул. Михайлівська,КП «Благоустрій» Міської ради міста Кропивницького»
"№ 3613
 від 09.01.18",м. Кропивницький вул. Петропавлівська (уздовж дороги біля будинку № 5),48.5047651,32.2804212,гр. Сирота О.М.,акація,1,№ 933/03-01-06 від 06.04.18,06.04.18,True,№ 933/03-01-06,06.04.18,м. Кропивницький вул. Петропавлівська,гр. Сирота О.М.
"№ 3614
 від 09.01.18","м. Кропивницький вздовж русла річки Інгул (від мосту по вул. Київській до гідротехнічної споруди
 КП «Теплоенергетик»",48.5292446,32.2454561,ГУ ЖКГ Міської ради міста Кропивницького,клен,12,NotYet,NotYet,False,NotYet,NotYet,м. Кропивницький вздовж русла річки Інгул,unknown
"№ 3614
 від 09.01.18","м. Кропивницький вздовж русла річки Інгул (від мосту по вул. Київській до гідротехнічної споруди
 КП «Теплоенергетик»",48.529299,32.2454822,ГУ ЖКГ Міської ради міста Кропивницького,клен,14,NotYet,NotYet,False,NotYet,NotYet,м. Кропивницький вздовж русла річки Інгул,unknown
"№ 3614
 від 09.01.18","м. Кропивницький вздовж русла річки Інгул (від мосту по вул. Київській до гідротехнічної споруди
 КП «Теплоенергетик»",48.5292102,32.245465,ГУ ЖКГ Міської ради міста Кропивницького,верба плакуча,3,NotYet,NotYet,False,NotYet,NotYet,м. Кропивницький вздовж русла річки Інгул,unknown
"№ 3614
 від 09.01.18","м. Кропивницький вздовж русла річки Інгул (від мосту по вул. Київській до гідротехнічної споруди
 КП «Теплоенергетик»",48.5292739,32.2454741,ГУ ЖКГ Міської ради міста Кропивницького,тополя пірамідальна,3,NotYet,NotYet,False,NotYet,NotYet,м. Кропивницький вздовж русла річки Інгул,unknown
"№ 3615
 від 09.01.18","м. Кропивницький вул. Вокзальна, 39-ф",48.51658629999999,32.2524305,ПП «Босфор-Люкс»,тополя,1,NotYet,NotYet,False,NotYet,NotYet,"м. Кропивницький вул. Вокзальна, 39-ф",ПП «Босфор-Люкс»
"№ 3616
 від 18.01.18","м. Кропивницький вул. Юрія Краснокутського, 1-а",48.539629999999995,32.2614884,КП «ЖЕО № 1» Міської ради міста Кропивницького,клен,1,№ 818/03-01-06 від 26.03.18,26.03.18,True,№ 818/03-01-06,26.03.18,"м. Кропивницький вул. Юрія Краснокутського, 1-а",КП «ЖЕО № 1» Міської ради міста Кропивницького
"№ 3616
 від 18.01.18","м. Кропивницький вул. Юрія Краснокутського, 1-а",48.539208,32.261433000000004,КП «ЖЕО № 1» Міської ради міста Кропивницького,клен,1,№ 818/03-01-06 від 26.03.18,26.03.18,True,№ 818/03-01-06,26.03.18,"м. Кропивницький вул. Юрія Краснокутського, 1-а",КП «ЖЕО № 1» Міської ради міста Кропивницького
"№ 3617
 від 18.01.18","м. Кропивницький вул. Будівельників, 1-а",48.561535299999996,32.241769399999995,КП «ЖЕО № 1» Міської ради міста Кропивницького,сосна,1,№ 345-в від 20.01.18,20.01.18,True,№ 345-в,20.01.18,"м. Кропивницький вул. Будівельників, 1-а",КП «ЖЕО № 1» Міської ради міста Кропивницького
"№ 3617
 від 18.01.18","м. Кропивницький вул. Будівельників, 1-а",48.561535299999996,32.241769399999995,КП «ЖЕО № 1» Міської ради міста Кропивницького,сосна,1,№ 345-в від 20.01.18,20.01.18,True,№ 345-в,20.01.18,"м. Кропивницький вул. Будівельників, 1-а",КП «Благоустрій» МРМК»
"№ 3618
 від 18.01.18","м. Кропивницький вул. Варшавська, 2-б (між під. № 5 та № 6)",48.507933,32.26254,КП «ЖЕО № 1» Міської ради міста Кропивницького,горіх,1,№ 818/03-01-06 від 26.03.18,26.03.18,True,№ 818/03-01-06,26.03.18,"м. Кропивницький вул. Варшавська, 2-б",КП «ЖЕО № 1» Міської ради міста Кропивницького
"№ 3619
 від 18.01.18",м. Кропивницький вул. Декабристів (у дворі будинків № 23-а та 23-б),48.5110546,32.262837,КП «ЖЕО № 1» Міської ради міста Кропивницького,акація,1,№ 818/03-01-06 від 26.03.18,26.03.18,True,№ 818/03-01-06,26.03.18,м. Кропивницький вул. Декабристів,КП «ЖЕО № 1» Міської ради міста Кропивницького
"№ 3620
 від 18.01.18","м. Кропивницький вул. Кропивницького, 80 (позаду під'їзду № 1)",48.5101,32.279909,КП «ЖЕО № 2» Міської ради міста Кропивницького,абрикос,1,№ 328/03-01-06 від 16.02.18,16.02.18,True,№ 328/03-01-06,16.02.18,"м. Кропивницький вул. Кропивницького, 80",КП «ЖЕО № 2» Міської ради міста Кропивницького
"№ 3621
 від 18.01.18","м. Кропивницький вул. Євгена Тельнова, 2, корп. 2 (навпроти під'їзду № 3)",48.5018751,32.234766,КП «ЖЕО № 3» Міської ради міста Кропивницького,яблуня,8,NotYet,NotYet,False,NotYet,NotYet,"м. Кропивницький вул. Євгена Тельнова, 2, корп. 2",КП «ЖЕО № 3» Міської ради міста Кропивницького
"№ 3622
 від 18.01.18","м. Кропивницький вул. Волкова, 20, корп. 1",48.5050942,32.2226812,КП «ЖЕО № 3» Міської ради міста Кропивницького,тополя,1,№ 818/03-01-06 від 26.03.18,26.03.18,True,№ 818/03-01-06,26.03.18,"м. Кропивницький вул. Волкова, 20, корп. 1",КП «ЖЕО № 3» Міської ради міста Кропивницького
"№ 3622
 від 18.01.18","м. Кропивницький вул. Волкова, 20, корп. 1",48.5050942,32.2226221,КП «ЖЕО № 3» Міської ради міста Кропивницького,горіх,1,№ 818/03-01-06 від 26.03.18,26.03.18,True,№ 818/03-01-06,26.03.18,"м. Кропивницький вул. Волкова, 20, корп. 1",КП «ЖЕО № 3» Міської ради міста Кропивницького
"№ 3622
 від 18.01.18","м. Кропивницький вул. Волкова, 20, корп. 1",48.5050942,32.222621999999994,КП «ЖЕО № 3» Міської ради міста Кропивницького,горіх,1,№ 818/03-01-06 від 26.03.18,26.03.18,True,№ 818/03-01-06,26.03.18,"м. Кропивницький вул. Волкова, 20, корп. 1",КП «ЖЕО № 3» Міської ради міста Кропивницького
"№ 3623
 від 18.01.18","м. Кропивницький вул. Волкова, 14, корп. 1",48.5076588,32.2234295,КП «ЖЕО № 3» Міської ради міста Кропивницького,вишня,1,№ 933/03-01-06 від 06.04.18,06.04.18,True,№ 933/03-01-06,06.04.18,"м. Кропивницький вул. Волкова, 14, корп. 1",unknown
"№ 3623
 від 18.01.18","м. Кропивницький вул. Волкова, 14, корп. 1",48.5076588,32.223453000000006,КП «ЖЕО № 3» Міської ради міста Кропивницького,вишня,3,№ 933/03-01-06 від 06.04.18,06.04.18,True,№ 933/03-01-06,06.04.18,"м. Кропивницький вул. Волкова, 14, корп. 1",unknown
"№ 3623
 від 18.01.18","м. Кропивницький вул. Волкова, 14, корп. 1",48.5076588,32.2234614,КП «ЖЕО № 3» Міської ради міста Кропивницького,тополя,2,№ 933/03-01-06 від 06.04.18,06.04.18,True,№ 933/03-01-06,06.04.18,"м. Кропивницький вул. Волкова, 14, корп. 1",unknown
"№ 3624
 від 18.01.18","м. Кропивницький вул. Бєляєва,7, корп. 3 (за будинком)",48.51033579999999,32.227513800000004,КП «ЖЕО № 3» Міської ради міста Кропивницького,береза,1,№ 818/03-01-06 від 26.03.18,26.03.18,True,№ 818/03-01-06,26.03.18,"м. Кропивницький вул. Бєляєва,7, корп. 3",КП «ЖЕО № 3» Міської ради міста Кропивницького
"№ 3625
 від 18.01.18","м. Кропивницький вул. Олексія Волохова,9/1 (у дворі біля дитячого майданчика)",48.507088,32.238698,КП «ЖЕО № 3» Міської ради міста Кропивницького,горіх,1,№ 933/03-01-06 від 06.04.18,06.04.18,True,№ 933/03-01-06,06.04.18,"м. Кропивницький вул. Олексія Волохова,9/1",КП «ЖЕО № 3» Міської ради міста Кропивницького
"№ 3626
 від 18.01.18","м. Кропивницький просп. Перемоги, 14 (за будинком)",48.519898600000005,32.2514592,ОСББ «Перемоги 14-Ковалівка»,вишня,7,NotYet,NotYet,False,NotYet,NotYet,"м. Кропивницький просп. Перемоги, 14",ОСББ «Перемоги 14-Ковалівка»
"№ 3626
 від 18.01.18","м. Кропивницький просп. Перемоги, 14 (за будинком)",48.51984960000001,32.2514698,ОСББ «Перемоги 14-Ковалівка»,слива,1,NotYet,NotYet,False,NotYet,NotYet,"м. Кропивницький просп. Перемоги, 14",ОСББ «Перемоги 14-Ковалівка»
"№ 3627
 від 18.01.18","м. Кропивницький пров. Кінний, 3 (на території закладу)",48.517945000000005,32.282199,ДНЗ № 73 «Червона квіточка»,груша,1,NotYet,NotYet,False,NotYet,NotYet,"м. Кропивницький пров. Кінний, 3",ДНЗ № 73 «Червона квіточка»
"№ 3627
 від 18.01.18","м. Кропивницький пров. Кінний, 3 (на території закладу)",48.517945000000005,32.282199,ДНЗ № 73 «Червона квіточка»,абрикос,1,NotYet,NotYet,False,NotYet,NotYet,"м. Кропивницький пров. Кінний, 3",ДНЗ № 73 «Червона квіточка»
"№ 3627
 від 18.01.18","м. Кропивницький пров. Кінний, 3 (на території закладу)",48.517945000000005,32.282199,ДНЗ № 73 «Червона квіточка»,тополя,1,NotYet,NotYet,False,NotYet,NotYet,"м. Кропивницький пров. Кінний, 3",ДНЗ № 73 «Червона квіточка»
"№ 3628
 від 18.01.18","м. Кропивницький вул. Романа Майстернюка, 7 (уздовж дороги)",48.497486,32.245027,гр. Фіцуліна В.Г.,горіх,1,NotYet,NotYet,False,NotYet,NotYet,"м. Кропивницький вул. Романа Майстернюка, 7",гр. Фіцуліна В.Г.
"№ 3629
 від 18.01.18","м. Кропивницький вул. Волкова, 26, корп. 1",48.4980378,32.22243889999999,КП «ЖЕО № 3» Міської ради міста Кропивницького,тополя,2,№ 818/03-01-06 від 26.03.18,26.03.18,True,№ 818/03-01-06,26.03.18,"м. Кропивницький вул. Волкова, 26, корп. 1",КП «ЖЕО № 3» Міської ради міста Кропивницького
"№ 3630
 від 23.01.18","м. Кропивницький вул. Євгена Тельнова, 4 (з боку під. № 1)",48.50280720000001,32.232589600000004,КП «ЖЕО № 3» Міської ради міста Кропивницького,яблуня,1,NotYet,NotYet,False,NotYet,NotYet,"м. Кропивницький вул. Євгена Тельнова, 4",КП «ЖЕО № 3» Міської ради міста Кропивницького
"№ 3631
 від 23.01.18","м. Кропивницький вул. Гагаріна, 48/12",48.50964570000001,32.2787478,гр. Лобанова Л.А.,акація,1,"№ 749-Л
 від 27.02.18",27.02.18,True,"№ 749-Л
",27.02.18,"м. Кропивницький вул. Гагаріна, 48/12",гр. Лобанова Л.А.
"№ 3632
 від 23.01.18","м. Кропивницький вул. Олега Ольжича (уздовж дороги біля буд. № 4),",48.5257345,32.276566100000004,КП «Благоустрій» МРМК»,клен,1,NotYet,NotYet,False,NotYet,NotYet,м. Кропивницький вул. Олега Ольжича,unknown
"№ 3632
 від 23.01.18","м. Кропивницький вул. Олега Ольжича (уздовж дороги біля буд. № 4),",48.5257708,32.2765507,КП «Благоустрій» МРМК»,шовковиця,1,NotYet,NotYet,False,NotYet,NotYet,м. Кропивницький вул. Олега Ольжича,unknown
"№ 3632
 від 23.01.18",м. Кропивницький (уздовж дороги біля ДНЗ № 54),48.509177,32.261061,КП «Благоустрій» МРМК»,тополя,6,NotYet,NotYet,False,NotYet,NotYet,м. Кропивницький вул. Декабристів 26,unknown
"№ 3632
 від 23.01.18",м. Кропивницький (уздовж дороги біля ДНЗ № 54),48.509177,32.261061,КП «Благоустрій» МРМК»,акація,1,NotYet,NotYet,False,NotYet,NotYet,м. Кропивницький вул. Декабристів 26,unknown
"№ 3632
 від 23.01.18",м. Кропивницький (уздовж дороги біля ДНЗ № 54),48.509177,32.261061,КП «Благоустрій» МРМК»,клен,1,NotYet,NotYet,False,NotYet,NotYet,м. Кропивницький вул. Декабристів 26,unknown
"№ 3632
 від 23.01.18",м. Кропивницький на перехресті біля буд. № 38,48.507933,32.262562,КП «Благоустрій» МРМК»,тополя,1,NotYet,NotYet,False,NotYet,NotYet,м. Кропивницький на перехресті біля буд. № 38,unknown
"№ 3633
 від 30.01.18","м. Кропивницький вул. Генерала Шумілова, 30",48.4943463,32.267053600000004,ЗОШ № 7,акація,6,NotYet,NotYet,False,NotYet,NotYet,"м. Кропивницький вул. Генерала Шумілова, 30",ЗОШ № 7
"№ 3633
 від 30.01.18","м. Кропивницький вул. Генерала Шумілова, 30",48.494332899999996,32.2670781,ЗОШ № 7,шовковиця,1,NotYet,NotYet,False,NotYet,NotYet,"м. Кропивницький вул. Генерала Шумілова, 30",ЗОШ № 7
"№ 3633
 від 30.01.18","м. Кропивницький вул. Генерала Шумілова, 30",48.4943599,32.2670276,ЗОШ № 7,шовковиця,1,NotYet,NotYet,False,NotYet,NotYet,"м. Кропивницький вул. Генерала Шумілова, 30",ЗОШ № 7
"№ 3633
 від 30.01.18","м. Кропивницький вул. Генерала Шумілова, 30",48.494375700000006,32.2670844,ЗОШ № 7,шовковиця,1,NotYet,NotYet,False,NotYet,NotYet,"м. Кропивницький вул. Генерала Шумілова, 30",ЗОШ № 7
"№ 3634
 від 30.01.18","м. Кропивницький між будинками по вул. Шатила, 3 та Вокзальною, 64",48.504483,32.238884999999996,КП «Водоканал»,липа,1,"№ 345-В
 від 30.01.18",30.01.18,True,"№ 345-В
",30.01.18,"м. Кропивницький між будинками по вул. Шатила, 3 та Вокзальною, 64",КП «Водоканал»
"№ 3635
 від 13.02.18",м. Кропивницький вул. Олександрійське шосе (біля вїзду до гаражного кооперативу),48.5342,32.2948,Голова гаражного кооперативу «Віраж» Водотика А.М.,дуб,1,NotYet,NotYet,False,NotYet,NotYet,м. Кропивницький вул. Олександрійське шосе,Голова гаражного кооперативу «Віраж» Водотика А.М.
"№ 3636
 від 13.02.18","м. Кропивницький вул. Добровольського, 3 (навпроти під'їзду № 3)",48.5349106,32.274716600000005,Голова гаражного кооперативу «Віраж» Водотика А.М.,клен,1,№ 818/03-01-06 від 26.03.18,26.03.18,True,№ 818/03-01-06,26.03.18,"м. Кропивницький вул. Добровольського, 3",unknown
"№ 3636
 від 13.02.18","м. Кропивницький вул. Добровольського, 3 (навпроти під'їзду № 3)",48.5349143,32.274716600000005,Голова гаражного кооперативу «Віраж» Водотика А.М.,яблуня,1,№ 818/03-01-06 від 26.03.18,26.03.18,True,№ 818/03-01-06,26.03.18,"м. Кропивницький вул. Добровольського, 3",unknown
"№ 3637
 від 13.02.18","м. Кропивницький вул. Шатила , 3 (біля в'їзду у двір)",48.504889,32.239035,КП «ЖЕО № 3» Міської ради міста Кропивницького,клен,1,№ 818/03-01-06 від 26.03.18,26.03.18,True,№ 818/03-01-06,26.03.18,"м. Кропивницький вул. Шатила , 3",КП «ЖЕО № 3» Міської ради міста Кропивницького
"№ 3638
 від 13.02.18",м. Кропивницький вул. Гоголя (уздовж дороги біля будинку № 63),48.510727,32.259417,ГО «Озеленення Кропивницький»,клен,1,№ 402/03-01-06 від 23.02.18,23.02.18,True,№ 402/03-01-06,23.02.18,м. Кропивницький вул. Гоголя,unknown
"№ 3639
 від 13.02.18","м. Кропивницький вул. Архангельська, 34 (у дворі будинку)",48.5092312,32.27606,гр. Наконечна Н.В.,акація,1,№ 933/03-01-06 від 06.04.18,06.04.18,True,№ 933/03-01-06,06.04.18,"м. Кропивницький вул. Архангельська, 34",гр. Наконечна Н.В.
"№ 3640
 від 20.02.18","м. Кропивницький вул. Глинки, 1 (на території закладу)",48.507933,32.262331,ЗОШ № 32,яблуня,7,NotYet,NotYet,False,NotYet,NotYet,"м. Кропивницький вул. Глинки, 1",ЗОШ № 32
"№ 3641
 від 20.02.18","м. Кропивницький вул. Волкова, 28, корп. 2",48.4983244,32.2254378,КП «ЖЕО № 3» Міської ради міста Кропивницького,абрикос,2,№ 818/03-01-06 від 26.03.18,26.03.18,True,№ 818/03-01-06,26.03.18,"м. Кропивницький вул. Волкова, 28, корп. 2",КП «ЖЕО № 3» Міської ради міста Кропивницького
"№ 3641
 від 20.02.18","м. Кропивницький вул. Волкова, 28, корп. 2",48.4983479,32.2254852,КП «ЖЕО № 3» Міської ради міста Кропивницького,берест,1,№ 818/03-01-06 від 26.03.18,26.03.18,True,№ 818/03-01-06,26.03.18,"м. Кропивницький вул. Волкова, 28, корп. 2",КП «ЖЕО № 3» Міської ради міста Кропивницького
"№ 3642
 від 20.02.18","м. Кропивницький вул. Кропивницького, 80",48.5101,32.279909,КП «ЖЕО № 2» Міської ради міста Кропивницького,верба плакуча,1,№ 735/03-01-06 від 15.03.18,15.03.18,True,№ 735/03-01-06,15.03.18,"м. Кропивницький вул. Кропивницького, 80",КП «ЖЕО № 2» Міської ради міста Кропивницького
"№ 3643
 від 20.02.18","м. Кропивницький вул. Поповича, 7-б",48.524196999999994,32.2580631,гр. Ткаченко Н.А.,ясен,1,№ 818/03-01-06 від 26.03.18,26.03.18,True,№ 818/03-01-06,26.03.18,"м. Кропивницький вул. Поповича, 7-б",гр. Ткаченко Н.А.
"№ 3644
 від 20.02.18","м. Кропивницький вул. Володі Дубініна, 9",48.4733224,32.302459000000006,гр. Губерт С.Ф.,акація,1,№ 735/03-01-06 від 15.03.18,15.03.18,True,№ 735/03-01-06,15.03.18,"м. Кропивницький вул. Володі Дубініна, 9",гр. Губерт С.Ф.
"№ 3645
 від 20.02.18","м. Кропивницький ДНЗ № 43 «Горобинка» вул. Васнецова, 4",48.5193198,32.288527,МЧС,вишня,1,№ 818/03-01-06 від 26.03.18,26.03.18,True,№ 818/03-01-06,26.03.18,"м. Кропивницький ДНЗ № 43 «Горобинка» вул. Васнецова, 4",unknown
"№ 3645
 від 20.02.18","м. Кропивницький ДНЗ № 43 «Горобинка» вул. Васнецова, 4",48.5193591,32.288764,МЧС,бузок,1,№ 818/03-01-06 від 26.03.18,26.03.18,True,№ 818/03-01-06,26.03.18,"м. Кропивницький ДНЗ № 43 «Горобинка» вул. Васнецова, 4",unknown
"№ 3646
 від 20.02.18","м. Кропивницький вул. Добровольського, 4",48.5358984,32.273754600000004,КП «Благоустрій» МРМК»,тополя,1,№ 818/03-01-06 від 26.03.18,26.03.18,True,№ 818/03-01-06,26.03.18,"м. Кропивницький вул. Добровольського, 4",КП «Благоустрій» МРМК»
"№ 3646
 від 20.02.18","м. Кропивницький вул. Доброволського, 6",48.536246000000006,32.2726338,КП «Благоустрій» МРМК»,акація,1,№ 818/03-01-06 від 26.03.18,26.03.18,True,№ 818/03-01-06,26.03.18,"м. Кропивницький вул. Доброволського, 6",КП «Благоустрій» МРМК»
"№ 3646
 від 20.02.18","м. Кропивницький вул. Доброволського, 6",48.536522999999995,32.2726656,КП «Благоустрій» МРМК»,тополя,1,№ 818/03-01-06 від 26.03.18,26.03.18,True,№ 818/03-01-06,26.03.18,"м. Кропивницький вул. Доброволського, 6",КП «Благоустрій» МРМК»
"№ 3646
 від 20.02.18","м. Кропивницький вул. Добровольського, 8",48.537083200000005,32.2721538,КП «Благоустрій» МРМК»,тополя,5,№ 818/03-01-06 від 26.03.18,26.03.18,True,№ 818/03-01-06,26.03.18,"м. Кропивницький вул. Добровольського, 8",КП «Благоустрій» МРМК»
"№ 3646
 від 20.02.18","м. Кропивницький вул. Добровольського, 9",48.5364197,32.27124,КП «Благоустрій» МРМК»,тополя,6,№ 818/03-01-06 від 26.03.18,26.03.18,True,№ 818/03-01-06,26.03.18,"м. Кропивницький вул. Добровольського, 9",КП «Благоустрій» МРМК»
"№ 3646
 від 20.02.18","м. Кропивницький вул. Добровольського, 13, біля кафе «Ребро»",48.53728710000001,32.2692615,КП «Благоустрій» МРМК»,тополя,4,№ 818/03-01-06 від 26.03.18,26.03.18,True,№ 818/03-01-06,26.03.18,"м. Кропивницький вул. Добровольського, 13, біля кафе «Ребро»",КП «Благоустрій» МРМК»
"№ 3646
 від 20.02.18","м. Кропивницький вул. Добровольського, 17",48.537657200000005,32.268722600000004,КП «Благоустрій» МРМК»,тополя,1,№ 818/03-01-06 від 26.03.18,26.03.18,True,№ 818/03-01-06,26.03.18,"м. Кропивницький вул. Добровольського, 17",КП «Благоустрій» МРМК»
"№ 3646
 від 20.02.18","м. Кропивницький вул. Добровольського, 18",48.53793889999999,32.271071899999995,КП «Благоустрій» МРМК»,тополя,4,№ 818/03-01-06 від 26.03.18,26.03.18,True,№ 818/03-01-06,26.03.18,"м. Кропивницький вул. Добровольського, 18",КП «Благоустрій» МРМК»
"№ 3646
 від 20.02.18","м. Кропивницький вул. Добровольського, 18",48.53793889999999,32.271071899999995,КП «Благоустрій» МРМК»,тополя,4,№ 818/03-01-06 від 26.03.18,26.03.18,True,№ 818/03-01-06,26.03.18,"м. Кропивницький вул. Добровольського, 18",КП «Благоустрій» МРМК»
"№ 3646
 від 20.02.18","м. Кропивницький вул. Добровольського, 20",48.538075899999995,32.270143,КП «Благоустрій» МРМК»,тополя,2,№ 818/03-01-06 від 26.03.18,26.03.18,True,№ 818/03-01-06,26.03.18,"м. Кропивницький вул. Добровольського, 20",КП «Благоустрій» МРМК»
"№ 3647
 від 27.02.18","м. Кропивницький вул. Соборна, 7-а",48.4992176,32.249062800000004,Управління Статистики,акація,1,NotYet,NotYet,False,NotYet,NotYet,"м. Кропивницький вул. Соборна, 7-а",Управління Статистики
"№ 3647
 від 27.02.18","м. Кропивницький вул. Соборна, 7-а",48.4992176,32.249062800000004,Управління Статистики,шовковиця,2,NotYet,NotYet,False,NotYet,NotYet,"м. Кропивницький вул. Соборна, 7-а",Управління Статистики
"№ 3647
 від 27.02.18","м. Кропивницький вул. Соборна, 7-а",48.4992176,32.249062800000004,Управління Статистики,вишня,1,NotYet,NotYet,False,NotYet,NotYet,"м. Кропивницький вул. Соборна, 7-а",Управління Статистики
"№ 3647
 від 27.02.18","м. Кропивницький вул. Соборна, 7-а",48.4992176,32.249062800000004,Управління Статистики,липа,1,NotYet,NotYet,False,NotYet,NotYet,"м. Кропивницький вул. Соборна, 7-а",Управління Статистики
"№ 3647
 від 27.02.18","м. Кропивницький вул. Соборна, 7-а",48.4992176,32.249062800000004,Управління Статистики,тополя,1,NotYet,NotYet,False,NotYet,NotYet,"м. Кропивницький вул. Соборна, 7-а",Управління Статистики
"№ 3648
 від 27.02.18","м. Кропивницький вул. Космонавта Попова, 28/20 (на території ЗОШ № 35)",48.4936791,32.209156199999995,Управління освіти МРМК,вишня,1,NotYet,NotYet,False,NotYet,NotYet,"м. Кропивницький вул. Космонавта Попова, 28/20",Управління освіти МРМК
"№ 3648
 від 27.02.18","м. Кропивницький вул. Космонавта Попова, 28/20 (на території ЗОШ № 35)",48.4936985,32.209156,Управління освіти МРМК,акація,1,NotYet,NotYet,False,NotYet,NotYet,"м. Кропивницький вул. Космонавта Попова, 28/20",Управління освіти МРМК
"№ 3648
 від 27.02.18","м. Кропивницький вул. Космонавта Попова, 28/20 (на території ЗОШ № 35)",48.493674600000006,32.209136699999995,Управління освіти МРМК,береза,1,NotYet,NotYet,False,NotYet,NotYet,"м. Кропивницький вул. Космонавта Попова, 28/20",Управління освіти МРМК
"№ 3648
 від 27.02.18","м. Кропивницький вул. Космонавта Попова, 28/20 (на території ЗОШ № 35)",48.493682,32.2091613,Управління освіти МРМК,абрикос,1,NotYet,NotYet,False,NotYet,NotYet,"м. Кропивницький вул. Космонавта Попова, 28/20",Управління освіти МРМК
"№ 3648
 від 27.02.18","м. Кропивницький вул. Космонавта Попова, 28/20 (на території ЗОШ № 35)",48.4936658,32.2091237,Управління освіти МРМК,горобина,1,NotYet,NotYet,False,NotYet,NotYet,"м. Кропивницький вул. Космонавта Попова, 28/20",Управління освіти МРМК
"№ 3648
 від 27.02.18","м. Кропивницький вул. Космонавта Попова, 28/20 (на території ЗОШ № 35)",48.4936443,32.209187,Управління освіти МРМК,клен,3,NotYet,NotYet,False,NotYet,NotYet,"м. Кропивницький вул. Космонавта Попова, 28/20",Управління освіти МРМК
"№ 3649
 від 07.03.18","м. Кропивницький вул. Михайлівська, 36-а (між під’їздами № 3 та № 4)",48.50939,32.272496000000004,КП «ЖЕО № 2» Міської ради міста Кропивницького,акація,1,№ 818/03-01-06 від 26.03.18,26.03.18,True,№ 818/03-01-06,26.03.18,"м. Кропивницький вул. Михайлівська, 36-а",КП «ЖЕО № 2» Міської ради міста Кропивницького
"№ 3649
 від 07.03.18","м. Кропивницький вул. Тараса Карпи, 128",48.50397589999999,32.2776297,КП «ЖЕО № 2» Міської ради міста Кропивницького,акація,1,№ 818/03-01-06 від 26.03.18,26.03.18,True,№ 818/03-01-06,26.03.18,"м. Кропивницький вул. Тараса Карпи, 128",КП «ЖЕО № 2» Міської ради міста Кропивницького
"№ 3649
 від 07.03.18","м. Кропивницький вул. Тараса Карпи, 128",48.50397589999999,32.2776297,КП «ЖЕО № 2» Міської ради міста Кропивницького,акація,1,№ 818/03-01-06 від 26.03.18,26.03.18,True,№ 818/03-01-06,26.03.18,"м. Кропивницький вул. Тараса Карпи, 128",unknown
"№ 3649
 від 07.03.18","м. Кропивницький вул. Тараса Карпи, 128",48.50397589999999,32.277695,КП «ЖЕО № 2» Міської ради міста Кропивницького,тополя,1,№ 818/03-01-06 від 26.03.18,26.03.18,True,№ 818/03-01-06,26.03.18,"м. Кропивницький вул. Тараса Карпи, 128",КП «ЖЕО № 2» Міської ради міста Кропивницького
"№ 3649
 від 07.03.18","м. Кропивницький вул. Тараса Карпи, 128",48.50397589999999,32.277695,КП «ЖЕО № 2» Міської ради міста Кропивницького,тополя,1,№ 818/03-01-06 від 26.03.18,26.03.18,True,№ 818/03-01-06,26.03.18,"м. Кропивницький вул. Тараса Карпи, 128",unknown
"№ 3649
 від 07.03.18","м. Кропивницький вул. Гагаріна, 18 (уздовж дороги біля будинку)",48.512046000000005,32.273001,КП «ЖЕО № 2» Міської ради міста Кропивницького,клен,1,№ 818/03-01-06 від 26.03.18,26.03.18,True,№ 818/03-01-06,26.03.18,"м. Кропивницький вул. Гагаріна, 18",КП «ЖЕО № 2» Міської ради міста Кропивницького
"№ 3650
 від 07.03.18","м. Кропивницький вул. Євгена Тельнова, 5 (позаду під. № 1)",48.503332,32.232260499999995,КП «ЖЕО № 3» Міської ради міста Кропивницького,вишня,1,№ 818/03-01-06 від 26.03.18,26.03.18,True,№ 818/03-01-06,26.03.18,"м. Кропивницький вул. Євгена Тельнова, 5",КП «ЖЕО № 3» Міської ради міста Кропивницького
"№ 3651
 від 07.03.18","м. Кропивницький вул. Євгена Тельнова, 8, корп. 6",48.5026432,32.2299702,КП «ЖЕО № 3» Міської ради міста Кропивницького,в'яз,1,NotYet,NotYet,False,NotYet,NotYet,"м. Кропивницький вул. Євгена Тельнова, 8, корп. 6",unknown
"№ 3651
 від 07.03.18","м. Кропивницький вул. Євгена Тельнова, 8, корп. 6",48.5026445,32.229924,КП «ЖЕО № 3» Міської ради міста Кропивницького,вишня,1,NotYet,NotYet,False,NotYet,NotYet,"м. Кропивницький вул. Євгена Тельнова, 8, корп. 6",unknown
"№ 3651
 від 07.03.18","м. Кропивницький вул. Євгена Тельнова, 8, корп. 6",48.5026186,32.229999,КП «ЖЕО № 3» Міської ради міста Кропивницького,яблуня,1,NotYet,NotYet,False,NotYet,NotYet,"м. Кропивницький вул. Євгена Тельнова, 8, корп. 6",unknown
"№ 3652
 від 07.03.18",м. Кропивницький Лелеківський лісопарк,48.5425,32.2472,КП «Благоустрій» МРМК»,сосна,8,NotYet,NotYet,False,NotYet,NotYet,м. Кропивницький Лелеківський лісопарк,КП «Благоустрій» МРМК»
"№ 3652
 від 07.03.18",м. Кропивницький Лелеківський лісопарк,48.5425,32.2472,КП «Благоустрій» МРМК»,акація -,1,NotYet,NotYet,False,NotYet,NotYet,м. Кропивницький Лелеківський лісопарк,КП «Благоустрій» МРМК»
"№ 3653
 від 07.03.18","м. Кропивницький вул. Академіка Корольова, 7",48.504836100000006,32.234503499999995,КП «Благоустрій» МРМК»,клен,1,№ 818/03-01-06 від 26.03.18,26.03.18,True,№ 818/03-01-06,26.03.18,"м. Кропивницький вул. Академіка Корольова, 7",КП «Благоустрій» МРМК»
"№ 3654
 від 07.03.18","м. Кропивницький вул. Володимирська, 54/35",48.527443,32.264655,КП «Благоустрій» МРМК»,каштан,1,№ 735/03-01-06 від 15.03.18,15.03.18,True,№ 735/03-01-06,15.03.18,"м. Кропивницький вул. Володимирська, 54/35",КП «Благоустрій» МРМК»
№ 3655 від 22.03.18,"м. Кропивницький вул. Гагаріна, 3-а (біля гаражів навпроти під. № 3)",48.514235,32.269284000000006,КП «ЖЕО № 2» Міської ради міста Кропивницького,ясень,1,№ 933/03-01-06 від 06.04.18,06.04.18,True,№ 933/03-01-06,06.04.18,"м. Кропивницький вул. Гагаріна, 3-а",КП «ЖЕО № 2» Міської ради міста Кропивницького
№ 3656 від 22.03.18,"м. Кропивницький вул. Євгена Тельнова, 9 корп. 2",48.502764,32.228825300000004,КП «ЖЕО № 3» Міської ради міста Кропивницького,яблуня,2,NotYet,NotYet,False,NotYet,NotYet,"м. Кропивницький вул. Євгена Тельнова, 9 корп. 2",unknown
"№ 3658
 від 22.03.18",м. Кропивницький вул. Архітектора Паученка (уздовж дороги буд. № 46),48.5081474,32.2735836,КП «Благоустрій» МРМК»,липа,1,NotYet,NotYet,False,NotYet,NotYet,м. Кропивницький вул. Архітектора Паученка,КП «Благоустрій» МРМК»
"№ 3658
 від 22.03.18",м. Кропивницький вул. Архітектора Паученка (уздовж дороги буд. № 60),48.5081131,32.2735953,КП «Благоустрій» МРМК»,акація,1,NotYet,NotYet,False,NotYet,NotYet,м. Кропивницький вул. Архітектора Паученка,КП «Благоустрій» МРМК»
"№ 3658
 від 22.03.18",м. Кропивницький вул. Архітектора Паученка (уздовж дороги буд. № 66),48.5081953,32.2735708,КП «Благоустрій» МРМК»,липа,2,NotYet,NotYet,False,NotYet,NotYet,м. Кропивницький вул. Архітектора Паученка,КП «Благоустрій» МРМК»
"№ 3658
 від 22.03.18",м. Кропивницький вул. Архітектора Паученка (уздовж дороги буд. № 68),48.508120700000006,32.2735226,КП «Благоустрій» МРМК»,липа,1,NotYet,NotYet,False,NotYet,NotYet,м. Кропивницький вул. Архітектора Паученка,КП «Благоустрій» МРМК»
"№ 3658
 від 22.03.18",м. Кропивницький вул. Архітектора Паученка (уздовж дороги буд. № 80),48.508197499999994,32.273542,КП «Благоустрій» МРМК»,клен,1,NotYet,NotYet,False,NotYet,NotYet,м. Кропивницький вул. Архітектора Паученка,КП «Благоустрій» МРМК»
"№ 3658
 від 22.03.18",м. Кропивницький вул. Архітектора Паученка (уздовж дороги буд. № 88),48.5081332,32.2735567,КП «Благоустрій» МРМК»,акація,1,NotYet,NotYet,False,NotYet,NotYet,м. Кропивницький вул. Архітектора Паученка,КП «Благоустрій» МРМК»
"№ 3658
 від 22.03.18",м. Кропивницький вул. Архітектора Паученка (уздовж дороги між буд. № 104 та 106),48.5081699,32.2735968,КП «Благоустрій» МРМК»,шовковиця,1,NotYet,NotYet,False,NotYet,NotYet,м. Кропивницький вул. Архітектора Паученка,КП «Благоустрій» МРМК»
"№ 3658
 від 22.03.18",м. Кропивницький вул. Архітектора Паученка (уздовж дороги буд. № 115),48.508184,32.2735111,КП «Благоустрій» МРМК»,липа,1,NotYet,NotYet,False,NotYet,NotYet,м. Кропивницький вул. Архітектора Паученка,КП «Благоустрій» МРМК»
"№ 3658
 від 22.03.18","м. Кропивницький вул. Олександрійська, 29",48.5053778,32.283218,КП «Благоустрій» МРМК»,акація,1,NotYet,NotYet,False,NotYet,NotYet,"м. Кропивницький вул. Олександрійська, 29",КП «Благоустрій» МРМК»
"№ 3658
 від 22.03.18","м. Кропивницький вул. Єгорова, 5",48.514911299999994,32.2701432,КП «Благоустрій» МРМК»,акація,1,NotYet,NotYet,False,NotYet,NotYet,"м. Кропивницький вул. Єгорова, 5",КП «Благоустрій» МРМК»
"№ 3658
 від 22.03.18","м. Кропивницький вул. Карабінерна, 30",48.5071466,32.276214,КП «Благоустрій» МРМК»,клен,1,NotYet,NotYet,False,NotYet,NotYet,"м. Кропивницький вул. Карабінерна, 30",КП «Благоустрій» МРМК»
"№ 3658
 від 22.03.18","м. Кропивницький вул. Карабінерна, 30",48.5071466,32.276214,КП «Благоустрій» МРМК»,клен,1,NotYet,NotYet,False,NotYet,NotYet,"м. Кропивницький вул. Карабінерна, 30",КП «Благоустрій» МРМК»
"№ 3658
 від 22.03.18","м. Кропивницький вул. Карабінерна, 30",48.5071102,32.2762811,КП «Благоустрій» МРМК»,акація,2,NotYet,NotYet,False,NotYet,NotYet,"м. Кропивницький вул. Карабінерна, 30",КП «Благоустрій» МРМК»
"№ 3658
 від 22.03.18","м. Кропивницький вул. Карабінерна, 30",48.5071102,32.2762811,КП «Благоустрій» МРМК»,акація,2,NotYet,NotYet,False,NotYet,NotYet,"м. Кропивницький вул. Карабінерна, 30",КП «Благоустрій» МРМК»
"№ 3658
 від 22.03.18","м. Кропивницький вул. Карабінерна, 25",48.5078623,32.2774128,КП «Благоустрій» МРМК»,клен,1,NotYet,NotYet,False,NotYet,NotYet,"м. Кропивницький вул. Карабінерна, 25",КП «Благоустрій» МРМК»
"№ 3658
 від 22.03.18","м. Кропивницький вул. Покровська, 47",48.5012835,32.274701799999995,КП «Благоустрій» МРМК»,акація,1,NotYet,NotYet,False,NotYet,NotYet,"м. Кропивницький вул. Покровська, 47",КП «Благоустрій» МРМК»
"№ 3658
 від 22.03.18",м. Кропивницький сквер ім. Олександра Кондакова,50.428604,30.453996000000004,КП «Благоустрій» МРМК»,абрикос,1,NotYet,NotYet,False,NotYet,NotYet,м. Кропивницький сквер ім. Олександра Кондакова,КП «Благоустрій» МРМК»
"№ 3658
 від 22.03.18",м. Кропивницький сквер ім. Олександра Кондакова,50.428604,30.453996000000004,КП «Благоустрій» МРМК»,тополя,2,NotYet,NotYet,False,NotYet,NotYet,м. Кропивницький сквер ім. Олександра Кондакова,КП «Благоустрій» МРМК»
"№ 3658
 від 22.03.18",м. Кропивницький сквер ім. Олександра Кондакова,50.428604,30.453996000000004,КП «Благоустрій» МРМК»,береза,1,NotYet,NotYet,False,NotYet,NotYet,м. Кропивницький сквер ім. Олександра Кондакова,КП «Благоустрій» МРМК»
"№ 3659
 від 02.04.18","м. Кропивницький вул. Віктора Чміленка, 109-а (у дворі)",48.5053339,32.276836800000005,КП «ЖЕО № 2» Міської ради міста Кропивницького,клен,1,№ 933/03-01-06 від 06.04.18,06.04.18,True,№ 933/03-01-06,06.04.18,"м. Кропивницький вул. Віктора Чміленка, 109-а",КП «ЖЕО № 2» Міської ради міста Кропивницького
"№ 3660
 від 02.04.18","м. Кропивницький вул. Казанська, 13",48.5655535,32.2261637,Управління освіти,клен,1,NotYet,NotYet,False,NotYet,NotYet,"м. Кропивницький вул. Казанська, 13",Управління освіти
"№ 3661
 від 02.04.18","м. Кропивницький пров. Херсонський, 4",48.493872499999995,32.281055800000004,КП «Благоустрій» МРМК»,липа,1,№ 933/03-01-06 від 06.04.18,06.04.18,True,№ 933/03-01-06,06.04.18,"м. Кропивницький пров. Херсонський, 4",КП «Благоустрій» МРМК»
"№ 3662
 від 02.04.18",м. Кропивницький вздовж русла річки Інгул (від гідротехнічної споруди КП «Теплоенергетик» до пішохідного мосту по вул. Київській),48.529287,32.245476399999994,ГУ ЖКГ МР МК,верба плакуча,1,NotYet,NotYet,False,NotYet,NotYet,м. Кропивницький вздовж русла річки Інгул,ГУ ЖКГ МР МК
"№ 3662
 від 02.04.18",м. Кропивницький вздовж русла річки Інгул (від гідротехнічної споруди КП «Теплоенергетик» до пішохідного мосту по вул. Київській),48.529227,32.2454271,ГУ ЖКГ МР МК,тополя,1,NotYet,NotYet,False,NotYet,NotYet,м. Кропивницький вздовж русла річки Інгул,ГУ ЖКГ МР МК
"№ 3662
 від 02.04.18",м. Кропивницький вздовж русла річки Інгул (від гідротехнічної споруди КП «Теплоенергетик» до пішохідного мосту по вул. Київській),48.52929,32.245411100000005,ГУ ЖКГ МР МК,верба плакуча,2,NotYet,NotYet,False,NotYet,NotYet,м. Кропивницький вздовж русла річки Інгул,ГУ ЖКГ МР МК
"№ 3662
 від 02.04.18",м. Кропивницький вздовж русла річки Інгул (від гідротехнічної споруди КП «Теплоенергетик» до пішохідного мосту по вул. Київській),48.5292834,32.2454188,ГУ ЖКГ МР МК,клен,2,NotYet,NotYet,False,NotYet,NotYet,м. Кропивницький вздовж русла річки Інгул,ГУ ЖКГ МР МК
"№ 3662
 від 02.04.18",м. Кропивницький вздовж русла річки Інгул (від гідротехнічної споруди КП «Теплоенергетик» до пішохідного мосту по вул. Київській),48.5292787,32.245443800000004,ГУ ЖКГ МР МК,клен,19,NotYet,NotYet,False,NotYet,NotYet,м. Кропивницький вздовж русла річки Інгул,ГУ ЖКГ МР МК
"№ 3662
 від 02.04.18",м. Кропивницький вздовж русла річки Інгул (від гідротехнічної споруди КП «Теплоенергетик» до пішохідного мосту по вул. Київській),48.5292666,32.245478399999996,ГУ ЖКГ МР МК,берест,1,NotYet,NotYet,False,NotYet,NotYet,м. Кропивницький вздовж русла річки Інгул,ГУ ЖКГ МР МК
"№ 3662
 від 02.04.18",м. Кропивницький вздовж русла річки Інгул (від гідротехнічної споруди КП «Теплоенергетик» до пішохідного мосту по вул. Київській),48.5292887,32.2454264,ГУ ЖКГ МР МК,верба плакуча,1,NotYet,NotYet,False,NotYet,NotYet,м. Кропивницький вздовж русла річки Інгул,ГУ ЖКГ МР МК
"№ 3662
 від 02.04.18",м. Кропивницький вздовж русла річки Інгул (від гідротехнічної споруди КП «Теплоенергетик» до пішохідного мосту по вул. Київській),48.5292118,32.2454225,ГУ ЖКГ МР МК,верба плакуча,1,NotYet,NotYet,False,NotYet,NotYet,м. Кропивницький вздовж русла річки Інгул,ГУ ЖКГ МР МК
"№ 3662
 від 02.04.18",м. Кропивницький вздовж русла річки Інгул (від гідротехнічної споруди КП «Теплоенергетик» до пішохідного мосту по вул. Київській),48.5292227,32.2454811,ГУ ЖКГ МР МК,клен,2,NotYet,NotYet,False,NotYet,NotYet,м. Кропивницький вздовж русла річки Інгул,ГУ ЖКГ МР МК
"№ 3662
 від 02.04.18",м. Кропивницький вздовж русла річки Інгул (від гідротехнічної споруди КП «Теплоенергетик» до пішохідного мосту по вул. Київській),48.5292795,32.2454549,ГУ ЖКГ МР МК,берест,2,NotYet,NotYet,False,NotYet,NotYet,м. Кропивницький вздовж русла річки Інгул,ГУ ЖКГ МР МК
"№ 3662
 від 02.04.18",м. Кропивницький вздовж русла річки Інгул (від гідротехнічної споруди КП «Теплоенергетик» до пішохідного мосту по вул. Київській),48.5292528,32.2454126,ГУ ЖКГ МР МК,верба плакуча,2,NotYet,NotYet,False,NotYet,NotYet,м. Кропивницький вздовж русла річки Інгул,ГУ ЖКГ МР МК
"№ 3662
 від 02.04.18",м. Кропивницький вздовж русла річки Інгул (від гідротехнічної споруди КП «Теплоенергетик» до пішохідного мосту по вул. Київській),48.5292734,32.2454239,ГУ ЖКГ МР МК,клен,1,NotYet,NotYet,False,NotYet,NotYet,м. Кропивницький вздовж русла річки Інгул,ГУ ЖКГ МР МК
"№ 3662
 від 02.04.18",м. Кропивницький вздовж русла річки Інгул (від гідротехнічної споруди КП «Теплоенергетик» до пішохідного мосту по вул. Київській),48.5292434,32.245490600000004,ГУ ЖКГ МР МК,клен,1,NotYet,NotYet,False,NotYet,NotYet,м. Кропивницький вздовж русла річки Інгул,ГУ ЖКГ МР МК
"№ 3662
 від 02.04.18",м. Кропивницький вздовж русла річки Інгул (від гідротехнічної споруди КП «Теплоенергетик» до пішохідного мосту по вул. Київській),48.529230600000005,32.24543,ГУ ЖКГ МР МК,клен,1,NotYet,NotYet,False,NotYet,NotYet,м. Кропивницький вздовж русла річки Інгул,ГУ ЖКГ МР МК
"№ 3662
 від 02.04.18",м. Кропивницький вздовж русла річки Інгул (від гідротехнічної споруди КП «Теплоенергетик» до пішохідного мосту по вул. Київській),48.5292747,32.245489,ГУ ЖКГ МР МК,берест,3,NotYet,NotYet,False,NotYet,NotYet,м. Кропивницький вздовж русла річки Інгул,ГУ ЖКГ МР МК
"№ 3662
 від 02.04.18",м. Кропивницький вздовж русла річки Інгул (від гідротехнічної споруди КП «Теплоенергетик» до пішохідного мосту по вул. Київській),48.529225,32.2454859,ГУ ЖКГ МР МК,клен,2,NotYet,NotYet,False,NotYet,NotYet,м. Кропивницький вздовж русла річки Інгул,ГУ ЖКГ МР МК
"№ 3662
 від 02.04.18",м. Кропивницький вздовж русла річки Інгул (від гідротехнічної споруди КП «Теплоенергетик» до пішохідного мосту по вул. Київській),48.5292601,32.2454672,ГУ ЖКГ МР МК,клен,1,NotYet,NotYet,False,NotYet,NotYet,м. Кропивницький вздовж русла річки Інгул,ГУ ЖКГ МР МК
"№ 3662
 від 02.04.18",м. Кропивницький вздовж русла річки Інгул (від гідротехнічної споруди КП «Теплоенергетик» до пішохідного мосту по вул. Київській),48.529244,32.2454754,ГУ ЖКГ МР МК,клен,1,NotYet,NotYet,False,NotYet,NotYet,м. Кропивницький вздовж русла річки Інгул,ГУ ЖКГ МР МК
"№ 3662
 від 02.04.18",м. Кропивницький вздовж русла річки Інгул (від гідротехнічної споруди КП «Теплоенергетик» до пішохідного мосту по вул. Київській),48.529253999999995,32.2454971,ГУ ЖКГ МР МК,клен,1,NotYet,NotYet,False,NotYet,NotYet,м. Кропивницький вздовж русла річки Інгул,ГУ ЖКГ МР МК
"№ 3663
 від 02.04.18","м. Кропивницький вул. Короленка, 38 (збоку будинку)",48.536484,32.2691362,КП «ЖЕО № 1» Міської ради міста Кропивницького,клен,1,№ 933/03-01-06 від 06.04.18,06.04.18,True,№ 933/03-01-06,06.04.18,"м. Кропивницький вул. Короленка, 38",КП «ЖЕО № 1» Міської ради міста Кропивницького
"№ 3664
 від 11.04.18","м. Кропивницький вул. Яновського, 62",48.49556870000001,32.2482115,КП «ЖЕО № 1» Міської ради міста Кропивницького,горіх,1,№ 1017/03-01-06 від 17.04.18,17.04.18,True,№ 1017/03-01-06,17.04.18,"м. Кропивницький вул. Яновського, 62",unknown
"№ 3664
 від 11.04.18","м. Кропивницький вул. Полтавська, 81",48.519662,32.2851744,КП «ЖЕО № 1» Міської ради міста Кропивницького,вишня,1,№ 1017/03-01-06 від 17.04.18,17.04.18,True,№ 1017/03-01-06,17.04.18,"м. Кропивницький вул. Полтавська, 81",unknown
"№ 3664
 від 11.04.18","м. Кропивницький вул. Полтавська, 81",48.519617,32.2851168,КП «ЖЕО № 1» Міської ради міста Кропивницького,слива,1,№ 1017/03-01-06 від 17.04.18,17.04.18,True,№ 1017/03-01-06,17.04.18,"м. Кропивницький вул. Полтавська, 81",unknown
"№ 3664
 від 11.04.18","м. Кропивницький вул. Генерала Родимцева, 96",48.4979313,32.3096592,КП «ЖЕО № 1» Міської ради міста Кропивницького,тополя,1,№ 1017/03-01-06 від 17.04.18,17.04.18,True,№ 1017/03-01-06,17.04.18,"м. Кропивницький вул. Генерала Родимцева, 96",unknown
"№ 3664
 від 11.04.18","м. Кропивницький вул. Михайлівська, 9",48.512865000000005,32.2778979,КП «ЖЕО № 1» Міської ради міста Кропивницького,вишня,1,№ 1017/03-01-06 від 17.04.18,17.04.18,True,№ 1017/03-01-06,17.04.18,"м. Кропивницький вул. Михайлівська, 9",unknown
"№ 3664
 від 11.04.18","м. Кропивницький вул. Комарова, 30",48.501841999999996,32.243756,КП «ЖЕО № 1» Міської ради міста Кропивницького,горіх,1,№ 1017/03-01-06 від 17.04.18,17.04.18,True,№ 1017/03-01-06,17.04.18,"м. Кропивницький вул. Комарова, 30",unknown
"№ 3664
 від 11.04.18","м. Кропивницький вул. Комарова, 13",48.502266,32.2462548,КП «ЖЕО № 1» Міської ради міста Кропивницького,береза,1,№ 1017/03-01-06 від 17.04.18,17.04.18,True,№ 1017/03-01-06,17.04.18,"м. Кропивницький вул. Комарова, 13",unknown
"№ 3664
 від 11.04.18","м. Кропивницький вул. Героїв України, 8",48.494147,32.218491,КП «ЖЕО № 1» Міської ради міста Кропивницького,акація,1,№ 1017/03-01-06 від 17.04.18,17.04.18,True,№ 1017/03-01-06,17.04.18,"м. Кропивницький вул. Героїв України, 8",unknown
"№ 3664
 від 11.04.18","м. Кропивницький вул. Юрія Коваленка, 25/19, корп. 2",48.4974407,32.20279,КП «ЖЕО № 1» Міської ради міста Кропивницького,абрикос -,1,№ 1017/03-01-06 від 17.04.18,17.04.18,True,№ 1017/03-01-06,17.04.18,"м. Кропивницький вул. Юрія Коваленка, 25/19, корп. 2",unknown
"№ 3664
 від 11.04.18","м. Кропивницький вул. Вокзальна, 4",48.5228734,32.2583134,КП «ЖЕО № 1» Міської ради міста Кропивницького,клен,1,№ 1017/03-01-06 від 17.04.18,17.04.18,True,№ 1017/03-01-06,17.04.18,"м. Кропивницький вул. Вокзальна, 4",unknown
"№ 3664
 від 11.04.18","м. Кропивницький пров. Ковалівський, 13",48.522888200000004,32.25705,КП «ЖЕО № 1» Міської ради міста Кропивницького,горобина,1,№ 1017/03-01-06 від 17.04.18,17.04.18,True,№ 1017/03-01-06,17.04.18,"м. Кропивницький пров. Ковалівський, 13",unknown
"№ 3664
 від 11.04.18","м. Кропивницький пров. Ковалівський, 13",48.522831599999996,32.2570413,КП «ЖЕО № 1» Міської ради міста Кропивницького,горіх,1,№ 1017/03-01-06 від 17.04.18,17.04.18,True,№ 1017/03-01-06,17.04.18,"м. Кропивницький пров. Ковалівський, 13",unknown
"№ 3664
 від 11.04.18","м. Кропивницький вул. Тараса Карпи, 128",48.50397589999999,32.2776192,КП «ЖЕО № 1» Міської ради міста Кропивницького,акація,1,№ 1017/03-01-06 від 17.04.18,17.04.18,True,№ 1017/03-01-06,17.04.18,"м. Кропивницький вул. Тараса Карпи, 128",КП «ЖЕО № 2» Міської ради міста Кропивницького
"№ 3664
 від 11.04.18","м. Кропивницький вул. Тараса Карпи, 128",48.50397589999999,32.2776192,КП «ЖЕО № 1» Міської ради міста Кропивницького,акація,1,№ 1017/03-01-06 від 17.04.18,17.04.18,True,№ 1017/03-01-06,17.04.18,"м. Кропивницький вул. Тараса Карпи, 128",unknown
"№ 3665
 від 11.04.18","м. Кропивницький вул. Бобринецький шлях, 109",48.4804195,32.2717565,КП «ЖЕО № 1» Міської ради міста Кропивницького,тополя,3,№ 1017/03-01-06 від 17.04.18,17.04.18,True,№ 1017/03-01-06,17.04.18,"м. Кропивницький вул. Бобринецький шлях, 109",unknown
"№ 3665
 від 11.04.18","м. Кропивницький вул. Бобринецький шлях, 109",48.48042279999999,32.271793699999996,КП «ЖЕО № 1» Міської ради міста Кропивницького,верба плакуча,1,№ 1017/03-01-06 від 17.04.18,17.04.18,True,№ 1017/03-01-06,17.04.18,"м. Кропивницький вул. Бобринецький шлях, 109",unknown
"№ 3666
 від 11.04.18","м. Кропивницький вул. Кавалерійська, 17/19",48.514055600000006,32.257209499999995,Кіровоградський обласний військовий комісаріат,тополя,2,NotYet,NotYet,False,NotYet,NotYet,"м. Кропивницький вул. Кавалерійська, 17/19",Кіровоградський обласний військовий комісаріат
"№ 3666
 від 11.04.18","м. Кропивницький вул. Кавалерійська, 17/19",48.5140329,32.257209499999995,Кіровоградський обласний військовий комісаріат,каштан,1,NotYet,NotYet,False,NotYet,NotYet,"м. Кропивницький вул. Кавалерійська, 17/19",Кіровоградський обласний військовий комісаріат
"№ 3666
 від 11.04.18","м. Кропивницький вул. Кавалерійська, 17/19",48.514050899999994,32.257209499999995,Кіровоградський обласний військовий комісаріат,верба плакуча,1,NotYet,NotYet,False,NotYet,NotYet,"м. Кропивницький вул. Кавалерійська, 17/19",Кіровоградський обласний військовий комісаріат
"№ 3667
 від 11.04.18","м. Кропивницький вул. Короленка, 58 (на території)",48.539881099999995,32.261993100000005,Кіровоградський обласний госпіталь для ветеранів війни,сосна,9,NotYet,NotYet,False,NotYet,NotYet,"м. Кропивницький вул. Короленка, 58",Кіровоградський обласний госпіталь для ветеранів війни
"№ 3668
 від 11.04.18","м. Кропивницький вул. Добровольського, 1 (парк «Авіаторів»)",48.533182000000004,32.275996,ЛАНАУ,ясен,1,NotYet,NotYet,False,NotYet,NotYet,"м. Кропивницький вул. Добровольського, 1",ЛАНАУ
"№ 3668
 від 11.04.18","м. Кропивницький вул. Добровольського, 1 (парк «Авіаторів»)",48.53375,32.275794,ЛАНАУ,клен,1,NotYet,NotYet,False,NotYet,NotYet,"м. Кропивницький вул. Добровольського, 1",ЛАНАУ
"№ 3668
 від 11.04.18",м. Кропивницький авіаційний загін,48.533332,32.276101000000004,ЛАНАУ,клен,1,NotYet,NotYet,False,NotYet,NotYet,м. Кропивницький авіаційний загін,ЛАНАУ
"№ 3668
 від 11.04.18",м. Кропивницький авіаційний загін,48.533332,32.276101000000004,ЛАНАУ,яблуня,1,NotYet,NotYet,False,NotYet,NotYet,м. Кропивницький авіаційний загін,ЛАНАУ
"№ 3669
 від 11.04.18","м. Кропивницький вул. Волкова, 18-а (на території закладу)",48.5058555,32.222871500000004,ДНЗ № 17 «Орлятко»,вишня,1,NotYet,NotYet,False,NotYet,NotYet,"м. Кропивницький вул. Волкова, 18-а",ДНЗ № 17 «Орлятко»
"№ 3670
 від 11.04.18","м. Кропивницький вул. Шевченка, 41-а ДНЗ № 2 «Ятранчик»",48.5113361,32.2723466,МЧС Міської ради,ялина,1,NotYet,NotYet,False,NotYet,NotYet,"м. Кропивницький вул. Шевченка, 41-а ДНЗ № 2 «Ятранчик»",МЧС Міської ради 
"№ 3670
 від 11.04.18","м. Кропивницький вул. Комарова, 60 ДНЗ № 22 «Оленка»",48.493829,32.2365882,МЧС Міської ради,черешня,1,NotYet,NotYet,False,NotYet,NotYet,"м. Кропивницький вул. Комарова, 60 ДНЗ № 22 «Оленка»",unknown
"№ 3670
 від 11.04.18","м. Кропивницький вул. Таврійська, 29/32 (на території КЗ НВО № 1 «Перлинка",48.493885,32.286137,МЧС Міської ради,акація,1,NotYet,NotYet,False,NotYet,NotYet,"м. Кропивницький вул. Таврійська, 29/32",МЧС Міської ради 
"№ 3671
 від 11.04.18","м. Кропивницький вул. Велика Перспективна, 11/11, корп. 7",48.515325700000005,32.27212539999999,МЧС Міської ради,яблуня,1,№ 1017/03-01-06 від 17.04.18,17.04.18,True,№ 1017/03-01-06,17.04.18,"м. Кропивницький вул. Велика Перспективна, 11/11, корп. 7",unknown
"№ 3672
 від 11.04.18","м. Кропивницький вул. Яновського, 54",48.4944784,32.2526103,МЧС Міської ради,тополя,1,№ 1017/03-01-06 від 17.04.18,17.04.18,True,№ 1017/03-01-06,17.04.18,"м. Кропивницький вул. Яновського, 54",unknown
"№ 3673
 від 11.04.18","м. Кропивницький вул. Василя Нікітіна, 23-г (біля під. № 1 та навпроти під. № 2 та № 3)",48.5273302,32.2731957,ПП «Кіровоградська компанія інвестиційного булівництва «Кіровоградінвестбуд»,тополя,2,NotYet,NotYet,False,NotYet,NotYet,"м. Кропивницький вул. Василя Нікітіна, 23-г",ПП «Кіровоградська компанія інвестиційного булівництва «Кіровоградінвестбуд»
"№ 3674
 від 11.04.18","м. Кропивницький вул. Комарова, 11 (на території НЗ № 52 «Казковий»)",48.5031716,32.247021000000004,Управління освіти Міської ради,тополя,1,NotYet,NotYet,False,NotYet,NotYet,"м. Кропивницький вул. Комарова, 11",Управління освіти Міської ради
"№ 3674
 від 11.04.18","м. Кропивницький вул. Комарова, 11 (на території НЗ № 52 «Казковий»)",48.503150700000006,32.247021000000004,Управління освіти Міської ради,клен,2,NotYet,NotYet,False,NotYet,NotYet,"м. Кропивницький вул. Комарова, 11",Управління освіти Міської ради
"№ 3674
 від 11.04.18","м. Кропивницький вул. Комарова, 11 (на території НЗ № 52 «Казковий»)",48.503141,32.247021000000004,Управління освіти Міської ради,клен,1,NotYet,NotYet,False,NotYet,NotYet,"м. Кропивницький вул. Комарова, 11",Управління освіти Міської ради
"№ 3674
 від 11.04.18","м. Кропивницький вул. Комарова, 11 (на території НЗ № 52 «Казковий»)",48.503111,32.247021000000004,Управління освіти Міської ради,абрикос,1,NotYet,NotYet,False,NotYet,NotYet,"м. Кропивницький вул. Комарова, 11",Управління освіти Міської ради
"№ 3674
 від 11.04.18","м. Кропивницький вул. Комарова, 11 (на території НЗ № 52 «Казковий»)",48.503175,32.247021000000004,Управління освіти Міської ради,абрикос,1,NotYet,NotYet,False,NotYet,NotYet,"м. Кропивницький вул. Комарова, 11",Управління освіти Міської ради
"№ 3674
 від 11.04.18","м. Кропивницький вул. Комарова, 11 (на території НЗ № 52 «Казковий»)",48.5031768,32.247021000000004,Управління освіти Міської ради,берест,1,NotYet,NotYet,False,NotYet,NotYet,"м. Кропивницький вул. Комарова, 11",Управління освіти Міської ради
"№ 3674
 від 11.04.18","м. Кропивницький вул. Комарова, 11 (на території НЗ № 52 «Казковий»)",48.503178399999996,32.247021000000004,Управління освіти Міської ради,горобина,1,NotYet,NotYet,False,NotYet,NotYet,"м. Кропивницький вул. Комарова, 11",Управління освіти Міської ради
"№ 3674
 від 11.04.18","м. Кропивницький вул. Комарова, 11 (на території НЗ № 52 «Казковий»)",48.5031883,32.247021000000004,Управління освіти Міської ради,яблуня,1,NotYet,NotYet,False,NotYet,NotYet,"м. Кропивницький вул. Комарова, 11",Управління освіти Міської ради
"№ 3675
 від 11.04.18","м. Кропивницький вул. Волкова, 3-в",48.50014,32.219184999999996,ПП «Інтелтех-Л А»,горіх,1,NotYet,NotYet,False,NotYet,NotYet,"м. Кропивницький вул. Волкова, 3-в",ПП «Інтелтех-Л А»
"№ 3675
 від 11.04.18","м. Кропивницький вул. Волкова, 3-в",48.500433,32.219713,ПП «Інтелтех-Л А»,акація,1,NotYet,NotYet,False,NotYet,NotYet,"м. Кропивницький вул. Волкова, 3-в",ПП «Інтелтех-Л А»
"№ 3675
 від 11.04.18","м. Кропивницький вул. Волкова, 3-в",48.500309,32.219347,ПП «Інтелтех-Л А»,клен,1,NotYet,NotYet,False,NotYet,NotYet,"м. Кропивницький вул. Волкова, 3-в",ПП «Інтелтех-Л А»
"№ 3675
 від 11.04.18","м. Кропивницький вул. Волкова, 3-в",48.500464,32.219297999999995,ПП «Інтелтех-Л А»,берест,1,NotYet,NotYet,False,NotYet,NotYet,"м. Кропивницький вул. Волкова, 3-в",ПП «Інтелтех-Л А»
"№ 3675
 від 11.04.18","м. Кропивницький вул. Волкова, 3-в",48.500710999999995,32.219413,ПП «Інтелтех-Л А»,берест,1,NotYet,NotYet,False,NotYet,NotYet,"м. Кропивницький вул. Волкова, 3-в",ПП «Інтелтех-Л А»
"№ 3675
 від 11.04.18","м. Кропивницький вул. Волкова, 3-в",48.500545,32.219605,ПП «Інтелтех-Л А»,верба плакуча,1,NotYet,NotYet,False,NotYet,NotYet,"м. Кропивницький вул. Волкова, 3-в",ПП «Інтелтех-Л А»
"№ 3675
 від 11.04.18","м. Кропивницький вул. Волкова, 3-в",48.50097,32.2193,ПП «Інтелтех-Л А»,верба плакуча,1,NotYet,NotYet,False,NotYet,NotYet,"м. Кропивницький вул. Волкова, 3-в",ПП «Інтелтех-Л А»
"№ 3675
 від 11.04.18","м. Кропивницький вул. Волкова, 3-в",48.500524,32.219559999999994,ПП «Інтелтех-Л А»,верба плакуча,1,NotYet,NotYet,False,NotYet,NotYet,"м. Кропивницький вул. Волкова, 3-в",ПП «Інтелтех-Л А»
"№ 3675
 від 11.04.18","м. Кропивницький вул. Волкова, 3-в",48.50019,32.219204,ПП «Інтелтех-Л А»,клен,1,NotYet,NotYet,False,NotYet,NotYet,"м. Кропивницький вул. Волкова, 3-в",ПП «Інтелтех-Л А»
"№ 3675
 від 11.04.18","м. Кропивницький вул. Волкова, 3-в",48.500446000000004,32.219559000000004,ПП «Інтелтех-Л А»,горіх,1,NotYet,NotYet,False,NotYet,NotYet,"м. Кропивницький вул. Волкова, 3-в",ПП «Інтелтех-Л А»
"№ 3676
 від 11.04.18","м. Кропивницький вул. Курганна, 2-а (на території)",48.4932425,32.2390422,ДНЗ № 65 «Лукомор'я»,акація,1,NotYet,NotYet,False,NotYet,NotYet,"м. Кропивницький вул. Курганна, 2-а",ДНЗ № 65 «Лукомор'я»
"№ 3676
 від 11.04.18","м. Кропивницький вул. Курганна, 2-а (на території)",48.4932566,32.2390237,ДНЗ № 65 «Лукомор'я»,тополя,1,NotYet,NotYet,False,NotYet,NotYet,"м. Кропивницький вул. Курганна, 2-а",ДНЗ № 65 «Лукомор'я»
"№ 3676
 від 11.04.18","м. Кропивницький вул. Курганна, 2-а (на території)",48.4932881,32.239033899999995,ДНЗ № 65 «Лукомор'я»,абрикос,1,NotYet,NotYet,False,NotYet,NotYet,"м. Кропивницький вул. Курганна, 2-а",ДНЗ № 65 «Лукомор'я»
"№ 3676
 від 11.04.18","м. Кропивницький вул. Курганна, 2-а (на території)",48.4932244,32.239074,ДНЗ № 65 «Лукомор'я»,черешня,1,NotYet,NotYet,False,NotYet,NotYet,"м. Кропивницький вул. Курганна, 2-а",ДНЗ № 65 «Лукомор'я»
"№ 3676
 від 11.04.18","м. Кропивницький вул. Курганна, 2-а (на території)",48.493212799999995,32.2390701,ДНЗ № 65 «Лукомор'я»,горобина,1,NotYet,NotYet,False,NotYet,NotYet,"м. Кропивницький вул. Курганна, 2-а",ДНЗ № 65 «Лукомор'я»
"№ 3677
 від 11.04.18","м. Кропивницький вул. Яновського, 62-а (на території)",48.49556870000001,32.2482962,ДНЗ № 70 «Оленка»,груша,1,NotYet,NotYet,False,NotYet,NotYet,"м. Кропивницький вул. Яновського, 62-а",ДНЗ № 70 «Оленка»
"№ 3677
 від 11.04.18","м. Кропивницький вул. Яновського, 62-а (на території)",48.49556870000001,32.2482518,ДНЗ № 70 «Оленка»,черешня,1,NotYet,NotYet,False,NotYet,NotYet,"м. Кропивницький вул. Яновського, 62-а",ДНЗ № 70 «Оленка»
"№ 3677
 від 11.04.18","м. Кропивницький вул. Яновського, 62-а (на території)",48.49556870000001,32.24828,ДНЗ № 70 «Оленка»,черемха,1,NotYet,NotYet,False,NotYet,NotYet,"м. Кропивницький вул. Яновського, 62-а",ДНЗ № 70 «Оленка»
"№ 3677
 від 11.04.18","м. Кропивницький вул. Яновського, 62-а (на території)",48.49556870000001,32.2482875,ДНЗ № 70 «Оленка»,клен,1,NotYet,NotYet,False,NotYet,NotYet,"м. Кропивницький вул. Яновського, 62-а",ДНЗ № 70 «Оленка»
"№ 3677
 від 11.04.18","м. Кропивницький вул. Яновського, 62-а (на території)",48.49556870000001,32.2482566,ДНЗ № 70 «Оленка»,абрикос,1,NotYet,NotYet,False,NotYet,NotYet,"м. Кропивницький вул. Яновського, 62-а",ДНЗ № 70 «Оленка»
"№ 3677
 від 11.04.18","м. Кропивницький вул. Яновського, 62-а (на території)",48.49556870000001,32.248211,ДНЗ № 70 «Оленка»,слива,1,NotYet,NotYet,False,NotYet,NotYet,"м. Кропивницький вул. Яновського, 62-а",ДНЗ № 70 «Оленка»
"№ 3677
 від 11.04.18","м. Кропивницький вул. Яновського, 62-а (на території)",48.49556870000001,32.2482837,ДНЗ № 70 «Оленка»,абрикос,1,NotYet,NotYet,False,NotYet,NotYet,"м. Кропивницький вул. Яновського, 62-а",ДНЗ № 70 «Оленка»
"№ 3678
 від 11.04.18","м. Кропивницький вул. Херсонська, 115/6",48.4870189,32.2893392,гр. Григорвш А.С.,акація,3,№ 1017/03-01-06 від 17.04.18,17.04.18,True,№ 1017/03-01-06,17.04.18,"м. Кропивницький вул. Херсонська, 115/6",гр. Григорвш А.С.
"№ 3679
 від 11.04.18","м. Кропивницький вул. Тараса Карпи, 76",48.507783,32.268477399999995,Кіровоградське обласне управління лісового та мисливського господарства,ялина,1,NotYet,NotYet,False,NotYet,NotYet,"м. Кропивницький вул. Тараса Карпи, 76",Кіровоградське обласне управління лісового та мисливського господарства
"№ 3680
 від 11.04.18","м. Кропивницький вул. Преображенська, 103 (на території ДНЗ «Перлинка»)",48.498706,32.287733100000004,Управління освіти Міської ради,акація,3,NotYet,NotYet,False,NotYet,NotYet,"м. Кропивницький вул. Преображенська, 103",Управління освіти Міської ради
"№ 3681
 від 17.04.18","м. Кропивницький вул. Андріївська, навпроти ТОВ «Енерогобудпроект»",48.5068425,32.245797700000004,Управління освіти Міської ради,тополя,1,№ 1017/03-01-06 від 17.04.18,17.04.18,True,№ 1017/03-01-06,17.04.18,"м. Кропивницький вул. Андріївська, навпроти ТОВ «Енерогобудпроект»",unknown
"№ 3682
 від 17.04.18","м. Кропивницький вул. Героїв України, 14, корп. 1 (позаду будинку)",48.493349,32.213888,КП «Благоустрій» МРМК»,абрикос,1,№ 1050/03-01-06 від 20.04.18,20.04.18,True,№ 1050/03-01-06,20.04.18,"м. Кропивницький вул. Героїв України, 14, корп. 1",КП «Благоустрій» МРМК»
"№ 3683
 від 17.04.18","м. Кропивницький вул. Євгена Тельнова, 11/31 (позаду під'їзду № 4)",48.5033796,32.227592699999995,КП «ЖЕО № 3» Міської ради міста Кропивницького,абрикос,3,№ 1050/03-01-06 від 20.04.18,20.04.18,True,№ 1050/03-01-06,20.04.18,"м. Кропивницький вул. Євгена Тельнова, 11/31",КП «ЖЕО № 3» Міської ради міста Кропивницького
"№ 3684
 від 17.04.18","м. Кропивницький вул. Академіка Тамма, 4-а",48.499829999999996,32.2368152,ДНЗ № 63,акація,1,NotYet,NotYet,False,NotYet,NotYet,"м. Кропивницький вул. Академіка Тамма, 4-а",ДНЗ № 63
"№ 3684
 від 17.04.18","м. Кропивницький вул. Академіка Тамма, 4-а",48.499968,32.2368289,ДНЗ № 63,горіх,1,NotYet,NotYet,False,NotYet,NotYet,"м. Кропивницький вул. Академіка Тамма, 4-а",ДНЗ № 63
"№ 3684
 від 17.04.18","м. Кропивницький вул. Академіка Тамма, 4-а",48.499642,32.236884,ДНЗ № 63,клен,1,NotYet,NotYet,False,NotYet,NotYet,"м. Кропивницький вул. Академіка Тамма, 4-а",ДНЗ № 63
"№ 3685
 від 17.04.18","м. Кропивницький просп. Університетський, 27",48.505514700000006,32.201768,ДНЗ № 63,абрикос діам.,1,№ 1050/03-01-06 від 20.04.18,20.04.18,True,№ 1050/03-01-06,20.04.18,"м. Кропивницький просп. Університетський, 27",unknown
"№ 3685
 від 17.04.18","м. Кропивницький просп. Університетський, 27",48.505514700000006,32.201415000000004,ДНЗ № 63,верба плакуча -,1,№ 1050/03-01-06 від 20.04.18,20.04.18,True,№ 1050/03-01-06,20.04.18,"м. Кропивницький просп. Університетський, 27",unknown
"№ 3685
 від 17.04.18","м. Кропивницький просп. Університетський, 29",48.505770299999995,32.201469,ДНЗ № 63,дуб,1,№ 1050/03-01-06 від 20.04.18,20.04.18,True,№ 1050/03-01-06,20.04.18,"м. Кропивницький просп. Університетський, 29",unknown
"№ 3686
 від 17.04.18","м. Кропивницький вул. Архітектора Паученка, 66",48.507921200000006,32.273753,ОСББ «П'ятихатки 2-66»,акація,1,№ 1050/03-01-06 від 20.04.18,20.04.18,True,№ 1050/03-01-06,20.04.18,"м. Кропивницький вул. Архітектора Паученка, 66",unknown
"№ 3686
 від 17.04.18","м. Кропивницький вул. Архітектора Паученка, 66",48.507921200000006,32.2737787,ОСББ «П'ятихатки 2-66»,яблуня,3,№ 1050/03-01-06 від 20.04.18,20.04.18,True,№ 1050/03-01-06,20.04.18,"м. Кропивницький вул. Архітектора Паученка, 66",unknown
"№ 3686
 від 17.04.18","м. Кропивницький вул. Архітектора Паученка, 66",48.507921200000006,32.273709999999994,ОСББ «П'ятихатки 2-66»,клен,1,№ 1050/03-01-06 від 20.04.18,20.04.18,True,№ 1050/03-01-06,20.04.18,"м. Кропивницький вул. Архітектора Паученка, 66",unknown
"№ 3686
 від 17.04.18","м. Кропивницький вул. Архітектора Паученка, 66",48.507921200000006,32.273794300000006,ОСББ «П'ятихатки 2-66»,яблуня,1,№ 1050/03-01-06 від 20.04.18,20.04.18,True,№ 1050/03-01-06,20.04.18,"м. Кропивницький вул. Архітектора Паученка, 66",unknown
"№ 3686
 від 17.04.18","м. Кропивницький вул. Архітектора Паученка, 66",48.507921200000006,32.2737667,ОСББ «П'ятихатки 2-66»,шовковиця,1,№ 1050/03-01-06 від 20.04.18,20.04.18,True,№ 1050/03-01-06,20.04.18,"м. Кропивницький вул. Архітектора Паученка, 66",unknown
"№ 3687
 від 17.04.18","м. Кропивницький вул. Арсенія Тарковського, уздовж дороги біля будинку № 76",48.509170000000005,32.272133000000004,гр. Владимирська А.М.,клен,1,№ 1050/03-01-06 від 20.04.18,20.04.18,True,№ 1050/03-01-06,20.04.18,"м. Кропивницький вул. Арсенія Тарковського, уздовж дороги біля будинку № 76",гр. Владимирська А.М.
"№ 3688
 від 17.04.18","м. Кропивницький вул. Вокзальна, 18, корп. 2",48.5183545,32.253984100000004,деп. Розгачов Р.О.,горобина,1,№ 1050/03-01-06 від 20.04.18,20.04.18,True,№ 1050/03-01-06,20.04.18,"м. Кропивницький вул. Вокзальна, 18, корп. 2",деп. Розгачов Р.О.
"№ 3688
 від 17.04.18","м. Кропивницький вул. Вокзальна, 28",48.515654299999994,32.249782399999994,деп. Розгачов Р.О.,верба плакуча,1,№ 1050/03-01-06 від 20.04.18,20.04.18,True,№ 1050/03-01-06,20.04.18,"м. Кропивницький вул. Вокзальна, 28",деп. Розгачов Р.О.
"№ 3688
 від 17.04.18","м. Кропивницький вул. Вокзальна, 28",48.515654299999994,32.249782399999994,деп. Розгачов Р.О.,верба плакуча,1,№ 1050/03-01-06 від 20.04.18,20.04.18,True,№ 1050/03-01-06,20.04.18,"м. Кропивницький вул. Вокзальна, 28",КП «Благоустрій» МРМК»
"№ 3689
 від 17.04.18","м. Кропивницький вул. Добровольського, 11",48.536815399999995,32.2705441,КП «Благоустрій» МРМК»,береза,1,№ 1050/03-01-06 від 20.04.18,20.04.18,True,№ 1050/03-01-06,20.04.18,"м. Кропивницький вул. Добровольського, 11",КП «Благоустрій» МРМК»
"№ 3689
 від 17.04.18","м. Кропивницький вул. Добровольського, 18",48.53791470000001,32.271071899999995,КП «Благоустрій» МРМК»,берест,1,№ 1050/03-01-06 від 20.04.18,20.04.18,True,№ 1050/03-01-06,20.04.18,"м. Кропивницький вул. Добровольського, 18",КП «Благоустрій» МРМК»
"№ 3689
 від 17.04.18","м. Кропивницький вул. Добровольського, 18",48.53791470000001,32.271071899999995,КП «Благоустрій» МРМК»,берест,1,№ 1050/03-01-06 від 20.04.18,20.04.18,True,№ 1050/03-01-06,20.04.18,"м. Кропивницький вул. Добровольського, 18",КП «Благоустрій» МРМК»
"№ 3689
 від 17.04.18",м. Кропивницький сквер «Слави»,48.50562,32.236309999999996,КП «Благоустрій» МРМК»,береза,1,№ 1050/03-01-06 від 20.04.18,20.04.18,True,№ 1050/03-01-06,20.04.18,м. Кропивницький сквер «Слави»,КП «Благоустрій» МРМК»
"№ 3689
 від 17.04.18",м. Кропивницький сквер «Слави»,48.50562,32.2382,КП «Благоустрій» МРМК»,тополя,1,№ 1050/03-01-06 від 20.04.18,20.04.18,True,№ 1050/03-01-06,20.04.18,м. Кропивницький сквер «Слави»,КП «Благоустрій» МРМК»
"№ 3689
 від 17.04.18","м. Кропивницький вул. Карабінерна, 30",48.5071574,32.2762549,КП «Благоустрій» МРМК»,акація,1,№ 1050/03-01-06 від 20.04.18,20.04.18,True,№ 1050/03-01-06,20.04.18,"м. Кропивницький вул. Карабінерна, 30",КП «Благоустрій» МРМК»
"№ 3689
 від 17.04.18","м. Кропивницький вул. Карабінерна, 30",48.5071574,32.2762549,КП «Благоустрій» МРМК»,акація,1,№ 1050/03-01-06 від 20.04.18,20.04.18,True,№ 1050/03-01-06,20.04.18,"м. Кропивницький вул. Карабінерна, 30",КП «Благоустрій» МРМК»
"№ 3689
 від 17.04.18","м. Кропивницький вул. Карабінерна, 30",48.507159,32.276226199999996,КП «Благоустрій» МРМК»,липа,1,№ 1050/03-01-06 від 20.04.18,20.04.18,True,№ 1050/03-01-06,20.04.18,"м. Кропивницький вул. Карабінерна, 30",КП «Благоустрій» МРМК»
"№ 3689
 від 17.04.18","м. Кропивницький вул. Карабінерна, 30",48.507159,32.276226199999996,КП «Благоустрій» МРМК»,липа,1,№ 1050/03-01-06 від 20.04.18,20.04.18,True,№ 1050/03-01-06,20.04.18,"м. Кропивницький вул. Карабінерна, 30",КП «Благоустрій» МРМК»
"№ 3689
 від 17.04.18","м. Кропивницький вул. Віктора Чміленка, 71",48.50844,32.2695188,КП «Благоустрій» МРМК»,липа,2,№ 1050/03-01-06 від 20.04.18,20.04.18,True,№ 1050/03-01-06,20.04.18,"м. Кропивницький вул. Віктора Чміленка, 71",КП «Благоустрій» МРМК»
"№ 3689
 від 17.04.18","м. Кропивницький вул. Вокзальна, 28",48.5156771,32.249782399999994,КП «Благоустрій» МРМК»,тополя,1,№ 1050/03-01-06 від 20.04.18,20.04.18,True,№ 1050/03-01-06,20.04.18,"м. Кропивницький вул. Вокзальна, 28",деп. Розгачов Р.О.
"№ 3689
 від 17.04.18","м. Кропивницький вул. Вокзальна, 28",48.5156771,32.249782399999994,КП «Благоустрій» МРМК»,тополя,1,№ 1050/03-01-06 від 20.04.18,20.04.18,True,№ 1050/03-01-06,20.04.18,"м. Кропивницький вул. Вокзальна, 28",КП «Благоустрій» МРМК»
"№ 3689
 від 17.04.18","м. Кропивницький вул. Преображенська, 8",48.5070946,32.264486,КП «Благоустрій» МРМК»,ялина,1,№ 1050/03-01-06 від 20.04.18,20.04.18,True,№ 1050/03-01-06,20.04.18,"м. Кропивницький вул. Преображенська, 8",КП «Благоустрій» МРМК»
"№ 3689
 від 17.04.18","м. Кропивницький вул. Тараса Карпи, між № 60 та 62",48.507276700000006,32.2700974,КП «Благоустрій» МРМК»,клен,1,№ 1050/03-01-06 від 20.04.18,20.04.18,True,№ 1050/03-01-06,20.04.18,"м. Кропивницький вул. Тараса Карпи, між № 60 та 62",КП «Благоустрій» МРМК»
"№ 3689
 від 17.04.18","м. Кропивницький вул. Юрія Олефіренка, 14-а",48.5170256,32.2568937,КП «Благоустрій» МРМК»,черешня,1,№ 1050/03-01-06 від 20.04.18,20.04.18,True,№ 1050/03-01-06,20.04.18,"м. Кропивницький вул. Юрія Олефіренка, 14-а",КП «Благоустрій» МРМК»
"№ 3689
 від 17.04.18","м. Кропивницький вул. Короленка, 40",48.5372112,32.268194199999996,КП «Благоустрій» МРМК»,акація,1,№ 1050/03-01-06 від 20.04.18,20.04.18,True,№ 1050/03-01-06,20.04.18,"м. Кропивницький вул. Короленка, 40",КП «Благоустрій» МРМК»
"№ 3689
 від 17.04.18","м. Кропивницький вул. Гоголя, 85",48.50887,32.266999999999996,КП «Благоустрій» МРМК»,бузок (кущ),1,№ 1050/03-01-06 від 20.04.18,20.04.18,True,№ 1050/03-01-06,20.04.18,"м. Кропивницький вул. Гоголя, 85",КП «Благоустрій» МРМК»
"№ 3690
 від 25.04.18","м. Кропивницький вул. Миру, 17-а",48.525518,32.274996,КП «ЖЕО № 1» Міської ради міста Кропивницького,верба плакуча,1,№ 1357/03-01-06 від 22.05.18,22.05.18,True,№ 1357/03-01-06,22.05.18,"м. Кропивницький вул. Миру, 17-а",КП «ЖЕО № 1» Міської ради міста Кропивницького
"№ 3690
 від 25.04.18","м. Кропивницький вул. Миру, 17-а",48.525563,32.2749211,КП «ЖЕО № 1» Міської ради міста Кропивницького,берест,1,№ 1357/03-01-06 від 22.05.18,22.05.18,True,№ 1357/03-01-06,22.05.18,"м. Кропивницький вул. Миру, 17-а",КП «ЖЕО № 1» Міської ради міста Кропивницького
"№ 3691
 від 25.04.18","м. Кропивницький вул. Гоголя, 122-а (у дворі)",48.504412,32.274211,КП «ЖЕО № 3» Міської ради міста Кропивницького,шовковиця,1,№ 1357/03-01-06 від 22.05.18,22.05.18,True,№ 1357/03-01-06,22.05.18,"м. Кропивницький вул. Гоголя, 122-а",КП «ЖЕО № 3» Міської ради міста Кропивницького
"№ 3692
 від 25.04.18","м. Кропивницький вул. Островського, 2, корп. 2 (з боку
 вул. Островського)",48.5082632,32.2599478,ПП Шмідт В.В.,тополя,3,NotYet,NotYet,False,NotYet,NotYet,"м. Кропивницький вул. Островського, 2, корп. 2",ПП Шмідт В.В.
"№ 3693
 від 25.04.18","м. Кропивницький вул. Лінія, 10, буд. 56",48.473316,32.28334,КП «ЖЕК № 9» Міської ради міста Кропивницького,черешня,1,№ 1357/03-01-06 від 22.05.18,22.05.18,True,№ 1357/03-01-06,22.05.18,"м. Кропивницький вул. Лінія, 10, буд. 56",КП «ЖЕК № 9» Міської ради міста Кропивницького
"№ 3693
 від 25.04.18","м. Кропивницький вул. Лінія, 1, буд. 3",48.473411,32.278786,КП «ЖЕК № 9» Міської ради міста Кропивницького,горіх,1,№ 1357/03-01-06 від 22.05.18,22.05.18,True,№ 1357/03-01-06,22.05.18,"м. Кропивницький вул. Лінія, 1, буд. 3",КП «ЖЕК № 9» Міської ради міста Кропивницького
"№ 3693
 від 25.04.18","м. Кропивницький вул. Лінія, 9, буд. 41",48.4745,32.276471,КП «ЖЕК № 9» Міської ради міста Кропивницького,горіх,1,№ 1357/03-01-06 від 22.05.18,22.05.18,True,№ 1357/03-01-06,22.05.18,"м. Кропивницький вул. Лінія, 9, буд. 41",КП «ЖЕК № 9» Міської ради міста Кропивницького
"№ 3694
 від 25.04.18","м. Кропивницький вул. Вокзальна, 4 (уздовж дороги)",48.52283320000001,32.2583124,КП «Благоустрій» МРМК»,акація,1,№ 1357/03-01-06 від 22.05.18,22.05.18,True,№ 1357/03-01-06,22.05.18,"м. Кропивницький вул. Вокзальна, 4",КП «Благоустрій» МРМК»
"№ 3695
 від 25.04.18","м. Кропивницький вул. Віктора Чміленка, 94 (уздовж дороги)",48.508339500000005,32.2690922,КП «Благоустрій» МРМК»,клен,1,№ 1357/03-01-06 від 22.05.18,22.05.18,True,№ 1357/03-01-06,22.05.18,"м. Кропивницький вул. Віктора Чміленка, 94",КП «Благоустрій» МРМК»
"№ 3696
 від 04.05.18","м. Кропивницький вул. Київська, уздовж дороги біля буд. № 5",48.518853,32.261049,КП «Благоустрій» МРМК»,тополя,1,NotYet,NotYet,False,NotYet,NotYet,"м. Кропивницький вул. Київська, уздовж дороги біля буд. № 5",КП «Благоустрій» МРМК»
"№ 3696
 від 04.05.18","м. Кропивницький вул. Київська, уздовж дороги біля буд. № 7",48.519079,32.260571999999996,КП «Благоустрій» МРМК»,тополя,1,NotYet,NotYet,False,NotYet,NotYet,"м. Кропивницький вул. Київська, уздовж дороги біля буд. № 7",КП «Благоустрій» МРМК»
"№ 3696
 від 04.05.18","м. Кропивницький вул. Київська, уздовж дороги біля буд. № 10",48.520001,32.258646,КП «Благоустрій» МРМК»,клен,1,NotYet,NotYet,False,NotYet,NotYet,"м. Кропивницький вул. Київська, уздовж дороги біля буд. № 10",КП «Благоустрій» МРМК»
"№ 3696
 від 04.05.18","м. Кропивницький вул. Київська, уздовж дороги біля буд. № 10",48.520001,32.258646,КП «Благоустрій» МРМК»,акація,1,NotYet,NotYet,False,NotYet,NotYet,"м. Кропивницький вул. Київська, уздовж дороги біля буд. № 10",КП «Благоустрій» МРМК»
"№ 3696
 від 04.05.18","м. Кропивницький вул. Київська, уздовж дороги біля буд. № 11/3",48.519354,32.259919000000004,КП «Благоустрій» МРМК»,тополя,2,NotYet,NotYet,False,NotYet,NotYet,"м. Кропивницький вул. Київська, уздовж дороги біля буд. № 11/3",КП «Благоустрій» МРМК»
"№ 3696
 від 04.05.18","м. Кропивницький вул. Київська, уздовж дороги біля буд. № 12",48.5202,32.258252,КП «Благоустрій» МРМК»,липа,1,NotYet,NotYet,False,NotYet,NotYet,"м. Кропивницький вул. Київська, уздовж дороги біля буд. № 12",КП «Благоустрій» МРМК»
"№ 3696
 від 04.05.18","м. Кропивницький вул. Київська, навпроти входу до коледжу",48.520111,32.258358,КП «Благоустрій» МРМК»,акація,1,NotYet,NotYet,False,NotYet,NotYet,"м. Кропивницький вул. Київська, навпроти входу до коледжу",КП «Благоустрій» МРМК»
"№ 3696
 від 04.05.18","м. Кропивницький вул. Київська, уздовж дороги біля буд. № 18",48.520599,32.257473,КП «Благоустрій» МРМК»,клен,1,NotYet,NotYet,False,NotYet,NotYet,"м. Кропивницький вул. Київська, уздовж дороги біля буд. № 18",КП «Благоустрій» МРМК»
"№ 3696
 від 04.05.18","м. Кропивницький вул. Київська, уздовж дороги біля буд. № 28",48.5215,32.255673,КП «Благоустрій» МРМК»,акація,1,NotYet,NotYet,False,NotYet,NotYet,"м. Кропивницький вул. Київська, уздовж дороги біля буд. № 28",КП «Благоустрій» МРМК»
"№ 3696
 від 04.05.18","м. Кропивницький вул. Київська, уздовж дороги біля буд. № 32",48.521935,32.254737,КП «Благоустрій» МРМК»,акація,2,NotYet,NotYet,False,NotYet,NotYet,"м. Кропивницький вул. Київська, уздовж дороги біля буд. № 32",КП «Благоустрій» МРМК»
"№ 3696
 від 04.05.18","м. Кропивницький вул. Київська, уздовж дороги біля буд. № 34",48.522121999999996,32.254224,КП «Благоустрій» МРМК»,акація,1,NotYet,NotYet,False,NotYet,NotYet,"м. Кропивницький вул. Київська, уздовж дороги біля буд. № 34",КП «Благоустрій» МРМК»
"№ 3696
 від 04.05.18","м. Кропивницький вул. Київська, уздовж дороги біля буд. № 36",48.522076,32.254408000000005,КП «Благоустрій» МРМК»,клен,1,NotYet,NotYet,False,NotYet,NotYet,"м. Кропивницький вул. Київська, уздовж дороги біля буд. № 36",КП «Благоустрій» МРМК»
"№ 3696
 від 04.05.18","м. Кропивницький вул. Київська, уздовж дороги біля буд. № 42",48.522259000000005,32.253271999999996,КП «Благоустрій» МРМК»,"акація,",2,NotYet,NotYet,False,NotYet,NotYet,"м. Кропивницький вул. Київська, уздовж дороги біля буд. № 42",КП «Благоустрій» МРМК»
"№ 3696
 від 04.05.18","м. Кропивницький вул. Київська, уздовж дороги біля буд. № 47",48.524064,32.241929999999996,КП «Благоустрій» МРМК»,клен,1,NotYet,NotYet,False,NotYet,NotYet,"м. Кропивницький вул. Київська, уздовж дороги біля буд. № 47",КП «Благоустрій» МРМК»
"№ 3696
 від 04.05.18","м. Кропивницький вул. Київська, уздовж дороги біля буд. № 49",48.524049,32.241483,КП «Благоустрій» МРМК»,клен,1,NotYet,NotYet,False,NotYet,NotYet,"м. Кропивницький вул. Київська, уздовж дороги біля буд. № 49",КП «Благоустрій» МРМК»
"№ 3696
 від 04.05.18","м. Кропивницький вул. Київська, уздовж дороги біля буд. № 51",48.524042,32.240485,КП «Благоустрій» МРМК»,клен,1,NotYet,NotYet,False,NotYet,NotYet,"м. Кропивницький вул. Київська, уздовж дороги біля буд. № 51",КП «Благоустрій» МРМК»
"№ 3696
 від 04.05.18","м. Кропивницький вул. Київська, уздовж дороги біля буд. № 53",48.524021000000005,32.240224,КП «Благоустрій» МРМК»,клен,1,NotYet,NotYet,False,NotYet,NotYet,"м. Кропивницький вул. Київська, уздовж дороги біля буд. № 53",КП «Благоустрій» МРМК»
"№ 3696
 від 04.05.18","м. Кропивницький вул. Київська, уздовж дороги біля буд. № 55",48.524034,32.239964,КП «Благоустрій» МРМК»,клен,2,NotYet,NotYet,False,NotYet,NotYet,"м. Кропивницький вул. Київська, уздовж дороги біля буд. № 55",КП «Благоустрій» МРМК»
"№ 3696
 від 04.05.18","м. Кропивницький вул. Київська, уздовж дороги біля буд. № 55",48.524034,32.239964,КП «Благоустрій» МРМК»,клен,1,NotYet,NotYet,False,NotYet,NotYet,"м. Кропивницький вул. Київська, уздовж дороги біля буд. № 55",КП «Благоустрій» МРМК»
"№ 3696
 від 04.05.18",м. Кропивницький уздовж дороги на розі з вул. Олени Бур'янової,48.519353,32.252096,КП «Благоустрій» МРМК»,акація,2,NotYet,NotYet,False,NotYet,NotYet,м. Кропивницький уздовж дороги на розі з вул. Олени Бур'янової,КП «Благоустрій» МРМК»
"№ 3696
 від 04.05.18",м. Кропивницький уздовж дороги від мосту до вул. Кременчуцька (права сторона),48.519807,32.245236,КП «Благоустрій» МРМК»,клен,7,NotYet,NotYet,False,NotYet,NotYet,м. Кропивницький уздовж дороги від мосту до вул. Кременчуцька,unknown
"№ 3696
 від 04.05.18",м. Кропивницький уздовж дороги від мосту до вул. Кременчуцька (ліва сторона),48.519814000000004,32.244673,КП «Благоустрій» МРМК»,клен,7,NotYet,NotYet,False,NotYet,NotYet,м. Кропивницький уздовж дороги від мосту до вул. Кременчуцька,unknown
"№ 3696
 від 04.05.18","м. Кропивницький вул. Київська, уздовж дороги біля буд.
 № 61/64",48.524065,32.239084999999996,КП «Благоустрій» МРМК»,клен,1,NotYet,NotYet,False,NotYet,NotYet,"м. Кропивницький вул. Київська, уздовж дороги біля буд.
 № 61/64",unknown
"№ 3696
 від 04.05.18","м. Кропивницький вул. Київська, уздовж дороги біля буд.
 № 62",48.524071,32.242389,КП «Благоустрій» МРМК»,клен,1,NotYet,NotYet,False,NotYet,NotYet,"м. Кропивницький вул. Київська, уздовж дороги біля буд.
 № 62",unknown
"№ 3696
 від 04.05.18","м. Кропивницький вул. Київська, уздовж дороги біля буд.
 № 65",48.524042,32.237983,КП «Благоустрій» МРМК»,клен,2,NotYet,NotYet,False,NotYet,NotYet,"м. Кропивницький вул. Київська, уздовж дороги біля буд.
 № 65",unknown
"№ 3696
 від 04.05.18","м. Кропивницький вул. Київська, уздовж дороги біля буд.
 № 65/31",48.524046999999996,32.238143,КП «Благоустрій» МРМК»,клен,3,NotYet,NotYet,False,NotYet,NotYet,"м. Кропивницький вул. Київська, уздовж дороги біля буд.
 № 65/31",unknown
"№ 3696
 від 04.05.18","м. Кропивницький вул. Київська, уздовж дороги біля буд.
 № 65/31",48.524046999999996,32.238143,КП «Благоустрій» МРМК»,клен,1,NotYet,NotYet,False,NotYet,NotYet,"м. Кропивницький вул. Київська, уздовж дороги біля буд.
 № 65/31",unknown
"№ 3696
 від 04.05.18","м. Кропивницький вул. Київська, уздовж дороги біля буд.
 № 69",48.524035,32.237548,КП «Благоустрій» МРМК»,клен,1,NotYet,NotYet,False,NotYet,NotYet,"м. Кропивницький вул. Київська, уздовж дороги біля буд.
 № 69",unknown
"№ 3696
 від 04.05.18","м. Кропивницький вул. Київська, уздовж дороги біля буд.
 № 70",48.524097999999995,32.241284,КП «Благоустрій» МРМК»,клен,2,NotYet,NotYet,False,NotYet,NotYet,"м. Кропивницький вул. Київська, уздовж дороги біля буд.
 № 70",unknown
"№ 3696
 від 04.05.18","м. Кропивницький вул. Київська, уздовж дороги біля буд.
 № 71",48.52406,32.236901,КП «Благоустрій» МРМК»,клен,5,NotYet,NotYet,False,NotYet,NotYet,"м. Кропивницький вул. Київська, уздовж дороги біля буд.
 № 71",unknown
"№ 3696
 від 04.05.18","м. Кропивницький вул. Київська, уздовж дороги біля буд.
 № 74/59",48.52409,32.240986,КП «Благоустрій» МРМК»,клен,2,NotYet,NotYet,False,NotYet,NotYet,"м. Кропивницький вул. Київська, уздовж дороги біля буд.
 № 74/59",unknown
"№ 3696
 від 04.05.18","м. Кропивницький вул. Київська, уздовж дороги біля буд.
 № 76",48.524147,32.240465,КП «Благоустрій» МРМК»,клен,1,NotYet,NotYet,False,NotYet,NotYet,"м. Кропивницький вул. Київська, уздовж дороги біля буд.
 № 76",unknown
"№ 3696
 від 04.05.18","м. Кропивницький вул. Київська, уздовж дороги біля буд.
 № 78",48.524128999999995,32.240176,КП «Благоустрій» МРМК»,клен,1,NotYet,NotYet,False,NotYet,NotYet,"м. Кропивницький вул. Київська, уздовж дороги біля буд.
 № 78",unknown
"№ 3696
 від 04.05.18","м. Кропивницький вул. Київська, уздовж дороги біля буд.
 № 80",48.524182,32.23976,КП «Благоустрій» МРМК»,клен,2,NotYet,NotYet,False,NotYet,NotYet,"м. Кропивницький вул. Київська, уздовж дороги біля буд.
 № 80",unknown
"№ 3696
 від 04.05.18","м. Кропивницький вул. Київська, уздовж дороги біля буд.
 № 82",48.524105,32.239472,КП «Благоустрій» МРМК»,клен,3,NotYet,NotYet,False,NotYet,NotYet,"м. Кропивницький вул. Київська, уздовж дороги біля буд.
 № 82",unknown
"№ 3696
 від 04.05.18","м. Кропивницький вул. Київська, уздовж дороги біля буд.
 № 83",48.524013000000004,32.235094000000004,КП «Благоустрій» МРМК»,клен,1,NotYet,NotYet,False,NotYet,NotYet,"м. Кропивницький вул. Київська, уздовж дороги біля буд.
 № 83",unknown
"№ 3696
 від 04.05.18","м. Кропивницький вул. Київська, уздовж дороги біля буд.
 № 84",48.524044,32.239064,КП «Благоустрій» МРМК»,клен,4,NotYet,NotYet,False,NotYet,NotYet,"м. Кропивницький вул. Київська, уздовж дороги біля буд.
 № 84",unknown
"№ 3696
 від 04.05.18","м. Кропивницький вул. Київська, уздовж дороги біля буд.
 № 85",48.52394,32.234894,КП «Благоустрій» МРМК»,клен,1,NotYet,NotYet,False,NotYet,NotYet,"м. Кропивницький вул. Київська, уздовж дороги біля буд.
 № 85",unknown
"№ 3696
 від 04.05.18","м. Кропивницький вул. Київська, уздовж дороги біля буд.
 № 85-а",48.523944,32.234627,КП «Благоустрій» МРМК»,клен,1,NotYet,NotYet,False,NotYet,NotYet,"м. Кропивницький вул. Київська, уздовж дороги біля буд.
 № 85-а",unknown
"№ 3696
 від 04.05.18","м. Кропивницький вул. Київська, уздовж дороги біля буд.
 № 89/43",48.52391,32.233678999999995,КП «Благоустрій» МРМК»,акація,1,NotYet,NotYet,False,NotYet,NotYet,"м. Кропивницький вул. Київська, уздовж дороги біля буд.
 № 89/43",unknown
"№ 3696
 від 04.05.18","м. Кропивницький вул. Київська, уздовж дороги біля буд.
 № 92 та № 94",48.524187,32.238234000000006,КП «Благоустрій» МРМК»,клен,3,NotYet,NotYet,False,NotYet,NotYet,"м. Кропивницький вул. Київська, уздовж дороги біля буд.
 № 92 та № 94",unknown
"№ 3696
 від 04.05.18","м. Кропивницький вул. Київська, уздовж дороги біля буд.
 № 96",48.524089000000004,32.238494,КП «Благоустрій» МРМК»,клен,1,NotYet,NotYet,False,NotYet,NotYet,"м. Кропивницький вул. Київська, уздовж дороги біля буд.
 № 96",unknown
"№ 3696
 від 04.05.18","м. Кропивницький вул. Київська, уздовж дороги біля буд.
 № 100",48.524041,32.233807,КП «Благоустрій» МРМК»,клен,2,NotYet,NotYet,False,NotYet,NotYet,"м. Кропивницький вул. Київська, уздовж дороги біля буд.
 № 100",unknown
"№ 3696
 від 04.05.18","м. Кропивницький вул. Київська, уздовж дороги біля буд.
 № 102/48",48.524141,32.233592,КП «Благоустрій» МРМК»,клен,1,NotYet,NotYet,False,NotYet,NotYet,"м. Кропивницький вул. Київська, уздовж дороги біля буд.
 № 102/48",unknown
"№ 3696
 від 04.05.18","м. Кропивницький вул. Київська, уздовж дороги біля буд.
 № 108",48.524112,32.233737,КП «Благоустрій» МРМК»,клен,3,NotYet,NotYet,False,NotYet,NotYet,"м. Кропивницький вул. Київська, уздовж дороги біля буд.
 № 108",unknown
"№ 3696
 від 04.05.18","м. Кропивницький вул. Київська, уздовж дороги біля буд.
 № 108",48.524112,32.233737,КП «Благоустрій» МРМК»,клен,2,NotYet,NotYet,False,NotYet,NotYet,"м. Кропивницький вул. Київська, уздовж дороги біля буд.
 № 108",unknown
"№ 3696
 від 04.05.18","м. Кропивницький вул. Київська, уздовж дороги біля буд.
 № 110",48.523978,32.233442,КП «Благоустрій» МРМК»,клен,1,NotYet,NotYet,False,NotYet,NotYet,"м. Кропивницький вул. Київська, уздовж дороги біля буд.
 № 110",unknown
"№ 3696
 від 04.05.18","м. Кропивницький вул. Київська, уздовж дороги біля буд.
 № 112",48.523972,32.232934,КП «Благоустрій» МРМК»,клен,1,NotYet,NotYet,False,NotYet,NotYet,"м. Кропивницький вул. Київська, уздовж дороги біля буд.
 № 112",unknown
"№ 3696
 від 04.05.18","м. Кропивницький вул. Київська, уздовж дороги біля буд.
 № 118/57",48.524006,32.23178,КП «Благоустрій» МРМК»,клен,1,NotYet,NotYet,False,NotYet,NotYet,"м. Кропивницький вул. Київська, уздовж дороги біля буд.
 № 118/57",unknown
"№ 3697
 від 04.05.18","м. Кропивницький вул. Яновського, 60 (на території Кіровоградської міської станції юних техніків)",48.495128,32.249176,Управління освіти Міської ради,клен,1,NotYet,NotYet,False,NotYet,NotYet,"м. Кропивницький вул. Яновського, 60",Управління освіти Міської ради
"№ 3698
 від 04.05.18","м. Кропивницький вул. Преображенська, 101 (на території ДНЗ № 37 «Ластівка»)",48.498782,32.286696899999995,Управління освіти Міської ради,верба плакуча,1,NotYet,NotYet,False,NotYet,NotYet,"м. Кропивницький вул. Преображенська, 101",Управління освіти Міської ради
"№ 3699
 від 04.05.18","м. Кропивницький вул. Бєляєва, 29, корп. 2 (під’їзд № 5)",48.5040835,32.2273976,КП «ЖЕО № 3» Міської ради міста Кропивницького,яблуня,1,№ 1357/03-01-06 від 22.05.18,22.05.18,True,№ 1357/03-01-06,22.05.18,"м. Кропивницький вул. Бєляєва, 29, корп. 2",КП «ЖЕО № 3» Міської ради міста Кропивницького
"№ 3670
 від 04.05.18","м. Кропивницький вул. Волкова, 28, корп. 4 (між під. № 4 та № 5)",48.49836079999999,32.2254717,КП «ЖЕО № 3» Міської ради міста Кропивницького,абрикос,2,NotYet,NotYet,False,NotYet,NotYet,"м. Кропивницький вул. Волкова, 28, корп. 4",КП «ЖЕО № 3» Міської ради міста Кропивницького
"№ 3670
 від 04.05.18","м. Кропивницький вул. Волкова, 28, корп. 4 (між під. № 4 та № 5)",48.4983711,32.2254115,КП «ЖЕО № 3» Міської ради міста Кропивницького,груша,1,NotYet,NotYet,False,NotYet,NotYet,"м. Кропивницький вул. Волкова, 28, корп. 4",КП «ЖЕО № 3» Міської ради міста Кропивницького
"№ 3701
 від 04.05.18","м. Кропивницький пров. Миргородський, 23 (навпроти під. № 1)",48.501665,32.250040000000006,КП «ЖЕО № 3» Міської ради міста Кропивницького,верба плакуча,1,№ 1357/03-01-06 від 22.05.18,22.05.18,True,№ 1357/03-01-06,22.05.18,"м. Кропивницький пров. Миргородський, 23",КП «ЖЕО № 3» Міської ради міста Кропивницького
"№ 3702
 від 04.05.18","м. Кропивницький вул. Академіка Тамма, 5",48.499175,32.2368396,КП «ЖЕО № 3» Міської ради міста Кропивницького,горіх,1,№ 1357/03-01-06 від 22.05.18,22.05.18,True,№ 1357/03-01-06,22.05.18,"м. Кропивницький вул. Академіка Тамма, 5",КП «ЖЕО № 3» Міської ради міста Кропивницького
"№ 3702
 від 04.05.18","м. Кропивницький вул. Академіка Тамма, 5",48.49923,32.236818199999995,КП «ЖЕО № 3» Міської ради міста Кропивницького,береза,1,№ 1357/03-01-06 від 22.05.18,22.05.18,True,№ 1357/03-01-06,22.05.18,"м. Кропивницький вул. Академіка Тамма, 5",КП «ЖЕО № 3» Міської ради міста Кропивницького
"№ 3703
 від 04.05.18","м. Кропивницький вул. Генерала Родимцева, 85 (біля дитячого майданчика)",48.4972761,32.300314,ОСББ «Горизонт-85»,тополя,3,№ 1357/03-01-06 від 22.05.18,22.05.18,True,№ 1357/03-01-06,22.05.18,"м. Кропивницький вул. Генерала Родимцева, 85",ОСББ «Горизонт-85»
№ 3704 від 04.05.18,"м. Кропивницький вул. Академіка Тамма, біля будинку № 4",48.4984814,32.233290000000004,ПП «Сервіс Кіровоград»,акація,22,NotYet,NotYet,False,NotYet,NotYet,"м. Кропивницький вул. Академіка Тамма, біля будинку № 4",ПП «Сервіс Кіровоград»
№ 3704 від 04.05.18,"м. Кропивницький вул. Академіка Тамма, біля будинку № 4",48.49844470000001,32.233622,ПП «Сервіс Кіровоград»,берест,2,NotYet,NotYet,False,NotYet,NotYet,"м. Кропивницький вул. Академіка Тамма, біля будинку № 4",ПП «Сервіс Кіровоград»
№ 3704 від 04.05.18,"м. Кропивницький вул. Академіка Тамма, біля будинку № 4",48.498453600000005,32.233982,ПП «Сервіс Кіровоград»,берест,3,NotYet,NotYet,False,NotYet,NotYet,"м. Кропивницький вул. Академіка Тамма, біля будинку № 4",ПП «Сервіс Кіровоград»
№ 3704 від 04.05.18,"м. Кропивницький вул. Академіка Тамма, біля будинку № 4",48.4984283,32.23386,ПП «Сервіс Кіровоград»,клен,3,NotYet,NotYet,False,NotYet,NotYet,"м. Кропивницький вул. Академіка Тамма, біля будинку № 4",ПП «Сервіс Кіровоград»
№ 3705 від 04.05.18,"м. Кропивницький вул. Січових стрільців, 1-а",48.49601,32.287929999999996,гр. Коваленко Е.А.,клен,1,NotYet,NotYet,False,NotYet,NotYet,"м. Кропивницький вул. Січових стрільців, 1-а",гр. Коваленко Е.А.
№ 3706 від 04.05.18,м. Кропивницький вздовж річки Інгул (від гідротехнічної споруди КП «Теплоенергетик» до пішохідного мосту біля Ковалівського пляжу),48.529214399999994,32.24545,ГУ ЖКГ МР МК,тополя,1,NotYet,NotYet,False,NotYet,NotYet,м. Кропивницький вздовж річки Інгул,ГУ ЖКГ МР МК
№ 3706 від 04.05.18,м. Кропивницький вздовж річки Інгул (від гідротехнічної споруди КП «Теплоенергетик» до пішохідного мосту біля Ковалівського пляжу),48.5292229,32.245463199999996,ГУ ЖКГ МР МК,тополя,1,NotYet,NotYet,False,NotYet,NotYet,м. Кропивницький вздовж річки Інгул,ГУ ЖКГ МР МК
№ 3706 від 04.05.18,м. Кропивницький вздовж річки Інгул (від гідротехнічної споруди КП «Теплоенергетик» до пішохідного мосту біля Ковалівського пляжу),48.529211600000004,32.2454868,ГУ ЖКГ МР МК,клен,2,NotYet,NotYet,False,NotYet,NotYet,м. Кропивницький вздовж річки Інгул,ГУ ЖКГ МР МК
№ 3706 від 04.05.18,м. Кропивницький вздовж річки Інгул (від гідротехнічної споруди КП «Теплоенергетик» до пішохідного мосту біля Ковалівського пляжу),48.5292772,32.2454948,ГУ ЖКГ МР МК,клен,1,NotYet,NotYet,False,NotYet,NotYet,м. Кропивницький вздовж річки Інгул,ГУ ЖКГ МР МК
№ 3706 від 04.05.18,м. Кропивницький вздовж річки Інгул (від гідротехнічної споруди КП «Теплоенергетик» до пішохідного мосту біля Ковалівського пляжу),48.5292711,32.2454642,ГУ ЖКГ МР МК,клен,1,NotYet,NotYet,False,NotYet,NotYet,м. Кропивницький вздовж річки Інгул,ГУ ЖКГ МР МК
№ 3706 від 04.05.18,м. Кропивницький вздовж річки Інгул (від гідротехнічної споруди КП «Теплоенергетик» до пішохідного мосту біля Ковалівського пляжу),48.529264500000004,32.245467,ГУ ЖКГ МР МК,клен,1,NotYet,NotYet,False,NotYet,NotYet,м. Кропивницький вздовж річки Інгул,ГУ ЖКГ МР МК
№ 3706 від 04.05.18,м. Кропивницький вздовж річки Інгул (від гідротехнічної споруди КП «Теплоенергетик» до пішохідного мосту біля Ковалівського пляжу),48.5292629,32.245438199999995,ГУ ЖКГ МР МК,клен,1,NotYet,NotYet,False,NotYet,NotYet,м. Кропивницький вздовж річки Інгул,ГУ ЖКГ МР МК
№ 3706 від 04.05.18,м. Кропивницький вздовж річки Інгул (від гідротехнічної споруди КП «Теплоенергетик» до пішохідного мосту біля Ковалівського пляжу),48.5292975,32.245497,ГУ ЖКГ МР МК,берест,2,NotYet,NotYet,False,NotYet,NotYet,м. Кропивницький вздовж річки Інгул,ГУ ЖКГ МР МК
№ 3706 від 04.05.18,м. Кропивницький вздовж річки Інгул (від гідротехнічної споруди КП «Теплоенергетик» до пішохідного мосту біля Ковалівського пляжу),48.5292824,32.2454157,ГУ ЖКГ МР МК,берест,1,NotYet,NotYet,False,NotYet,NotYet,м. Кропивницький вздовж річки Інгул,ГУ ЖКГ МР МК
№ 3706 від 04.05.18,м. Кропивницький вздовж річки Інгул (від гідротехнічної споруди КП «Теплоенергетик» до пішохідного мосту біля Ковалівського пляжу),48.5292265,32.2454303,ГУ ЖКГ МР МК,берест,2,NotYet,NotYet,False,NotYet,NotYet,м. Кропивницький вздовж річки Інгул,ГУ ЖКГ МР МК
"№ 3707
 від 11.05.18","м. Кропивницький вул. Комарова, 3 (збоку під. № 1)",48.503898,32.24597,ОЖБК,клен,1,№ 1357/03-01-06 від 22.05.18,22.05.18,True,№ 1357/03-01-06,22.05.18,"м. Кропивницький вул. Комарова, 3",ОЖБК
"№ 3707
 від 11.05.18","м. Кропивницький вул. Комарова, 3 (збоку під. № 1)",48.503898,32.24597,ОЖБК,акація,1,№ 1357/03-01-06 від 22.05.18,22.05.18,True,№ 1357/03-01-06,22.05.18,"м. Кропивницький вул. Комарова, 3",ОЖБК
"№ 3708
 від 11.05.18","м. Кропивницький вул. Лінія, 6, 30 (ЗОШ № 22)",48.4721664,32.2814139,Управління освіти,черешня,1,NotYet,NotYet,False,NotYet,NotYet,"м. Кропивницький вул. Лінія, 6, 30",Управління освіти
"№ 3709
 від 11.05.18","м. Кропивницький вул. Євгена Тельнова, 8, корп. 2 (навпроти під'їзду № 4 та № 2)",48.502663399999996,32.2299662,КП «ЖЕО № 3» Міської ради міста Кропивницького,черешня,2,№ 1357/03-01-06 від 22.05.18,22.05.18,True,№ 1357/03-01-06,22.05.18,"м. Кропивницький вул. Євгена Тельнова, 8, корп. 2",КП «ЖЕО № 3» Міської ради міста Кропивницького
"№ 3710
 від 11.05.18","м. Кропивницький вул. Преображенська, уздовж дороги, біля будинку № 58",48.5024802,32.27539960000001,гр. Краснюк А.С.,тополя,1,№ 1357/03-01-06 від 22.05.18,22.05.18,True,№ 1357/03-01-06,22.05.18,"м. Кропивницький вул. Преображенська, уздовж дороги, біля будинку № 58",гр. Краснюк А.С.
"№ 3710
 від 11.05.18","м. Кропивницький вул. Преображенська, уздовж дороги, біля будинку № 58",48.502412400000004,32.27539960000001,гр. Краснюк А.С.,акація,1,№ 1357/03-01-06 від 22.05.18,22.05.18,True,№ 1357/03-01-06,22.05.18,"м. Кропивницький вул. Преображенська, уздовж дороги, біля будинку № 58",гр. Краснюк А.С.
"№ 3711
 від 11.05.18","м. Кропивницький вул. Арсенія Тарковського, 68",48.505717499999996,32.2680328,КП «Благоустрій» МРМК»,акація,1,№ 1357/03-01-06 від 22.05.18,22.05.18,True,№ 1357/03-01-06,22.05.18,"м. Кропивницький вул. Арсенія Тарковського, 68",КП «Благоустрій» МРМК»
"№ 3712
 від 11.05.18","м. Кропивницький вул. Шевченка, 21/27 (уздовж дороги по
 вул. Шевченка)",48.510976,32.270990999999995,КП «Благоустрій» МРМК»,каштан,1,№ 1357/03-01-06 від 22.05.18,22.05.18,True,№ 1357/03-01-06,22.05.18,"м. Кропивницький вул. Шевченка, 21/27",unknown
"№ 3712
 від 11.05.18","м. Кропивницький вул. Арсенія Тарковського, 17 (уздовж дороги)",48.513470899999994,32.275521600000005,КП «Благоустрій» МРМК»,акація,1,№ 1357/03-01-06 від 22.05.18,22.05.18,True,№ 1357/03-01-06,22.05.18,"м. Кропивницький вул. Арсенія Тарковського, 17",КП «Благоустрій» МРМК»
"№ 3713
 від 11.05.18","м. Кропивницький вул. Михайлівська, 54 (уздовж дороги)",48.506931,32.271375,КП «Благоустрій» МРМК»,тополя,1,№ 1357/03-01-06 від 22.05.18,22.05.18,True,№ 1357/03-01-06,22.05.18,"м. Кропивницький вул. Михайлівська, 54",КП «Благоустрій» МРМК»
"№ 3713
 від 11.05.18","м. Кропивницький пров. Азовський, від вул. Мінської в бік бази відпочинку «Горняк»)",48.566978000000006,32.243897,КП «Благоустрій» МРМК»,тополя,2,№ 1357/03-01-06 від 22.05.18,22.05.18,True,№ 1357/03-01-06,22.05.18,"м. Кропивницький пров. Азовський, від вул. Мінської в бік бази відпочинку «Горняк»)",КП «Благоустрій» МРМК»
"№ 3713
 від 11.05.18","м. Кропивницький пров. Азовський, від вул. Мінської в бік бази відпочинку «Горняк»)",48.566978000000006,32.243897,КП «Благоустрій» МРМК»,тополя,2,№ 1357/03-01-06 від 22.05.18,22.05.18,True,№ 1357/03-01-06,22.05.18,"м. Кропивницький пров. Азовський, від вул. Мінської в бік бази відпочинку «Горняк»)",КП «Благоустрій» МРМК»
"№ 3713
 від 11.05.18","м. Кропивницький пров. Азовський, від вул. Мінської в бік бази відпочинку «Горняк»)",48.566978000000006,32.243897,КП «Благоустрій» МРМК»,тополя,1,№ 1357/03-01-06 від 22.05.18,22.05.18,True,№ 1357/03-01-06,22.05.18,"м. Кропивницький пров. Азовський, від вул. Мінської в бік бази відпочинку «Горняк»)",КП «Благоустрій» МРМК»
"№ 3714
 від 11.05.18","м. Кропивницький вул. Карабінерна, 30/79",48.507371,32.276317999999996,КП «ЖЕО № 2» Міської ради міста Кропивницького,тополя,1,NotYet,NotYet,False,NotYet,NotYet,"м. Кропивницький вул. Карабінерна, 30/79",unknown
"№ 3714
 від 11.05.18","м. Кропивницький вул. Пашутінська, 13 (біля будинку)",48.5121261,32.272032,КП «ЖЕО № 2» Міської ради міста Кропивницького,акація,1,NotYet,NotYet,False,NotYet,NotYet,"м. Кропивницький вул. Пашутінська, 13",КП «ЖЕО № 2» Міської ради міста Кропивницького
"№ 3715
 від 11.05.18","м. Кропивницький просп. Університетський, 11",48.504810299999995,32.2096483,КЗ «Кіровоградський музичний коледж»,береза,2,NotYet,NotYet,False,NotYet,NotYet,"м. Кропивницький просп. Університетський, 11",КЗ «Кіровоградський музичний коледж»
"№ 3715
 від 11.05.18","м. Кропивницький просп. Університетський, 11",48.50488970000001,32.2096614,КЗ «Кіровоградський музичний коледж»,горобина,1,NotYet,NotYet,False,NotYet,NotYet,"м. Кропивницький просп. Університетський, 11",КЗ «Кіровоградський музичний коледж»
"№ 3716
 від 11.05.18","м. Кропивницький вул. Євгена Маланюка, 4 (на території музичного коледжу)",48.5189,32.278374,КЗ «Кіровоградський музичний коледж»,береза,1,NotYet,NotYet,False,NotYet,NotYet,"м. Кропивницький вул. Євгена Маланюка, 4",КЗ «Кіровоградський музичний коледж»
"№ 3717
 від 11.05.18","м. Кропивницький вул. Генерала Жадова, 28, корп. 2",48.490570299999995,32.201328499999995,ОСББ «Гарант»,вишня,1,NotYet,NotYet,False,NotYet,NotYet,"м. Кропивницький вул. Генерала Жадова, 28, корп. 2",ОСББ «Гарант»
"№ 3718
 від 11.05.18","м. Кропивницький вул. Андрія Матвієнака, 21 (уздовж дороги)",48.517286,32.280463,гр. Василевський Є.В.,акація,1,NotYet,NotYet,False,NotYet,NotYet,"м. Кропивницький вул. Андрія Матвієнака, 21",гр. Василевський Є.В.
"№ 3719
 від 11.05.18","м. Кропивницький вул. Дворцова, 6/7",48.5134889,32.260131699999995,ГУ юстиції у Кіровоградській області,каштан,1,NotYet,NotYet,False,NotYet,NotYet,"м. Кропивницький вул. Дворцова, 6/7",unknown
"№ 3720
 від 11.05.18","м. Кропивницький вул. Запорозька, 16/2",48.516705,32.298452000000005,гр. Полонська М.Г.,абрикос,1,NotYet,NotYet,False,NotYet,NotYet,"м. Кропивницький вул. Запорозька, 16/2",гр. Полонська М.Г.
"№ 3720
 від 11.05.18","м. Кропивницький вул. Запорозька, 16/2",48.516705,32.298452000000005,гр. Полонська М.Г.,шовковиця,1,NotYet,NotYet,False,NotYet,NotYet,"м. Кропивницький вул. Запорозька, 16/2",гр. Полонська М.Г.
"№ 3721
 від 11.05.18","м. Кропивницький вул. Академіка Тамма, 27 (на території ДНЗ № 48 «Журавушка»",48.4983383,32.2336915,МЧС Міської ради,тополя,1,NotYet,NotYet,False,NotYet,NotYet,"м. Кропивницький вул. Академіка Тамма, 27",unknown
"№ 3721
 від 11.05.18","м. Кропивницький вул. Академіка Тамма, 27 (на території ДНЗ № 48 «Журавушка»",48.4983383,32.2336915,МЧС Міської ради,тополя,1,NotYet,NotYet,False,NotYet,NotYet,"м. Кропивницький вул. Академіка Тамма, 27",unknown
"№ 3721
 від 11.05.18","м. Кропивницький вул. Академіка Тамма, 27 (на території ДНЗ № 48 «Журавушка»",48.4983383,32.2336915,МЧС Міської ради,верба,1,NotYet,NotYet,False,NotYet,NotYet,"м. Кропивницький вул. Академіка Тамма, 27",unknown
"№ 3721
 від 11.05.18","м. Кропивницький вул. Академіка Тамма, 27 (на території ДНЗ № 48 «Журавушка»",48.4983383,32.2336915,МЧС Міської ради,береза,1,NotYet,NotYet,False,NotYet,NotYet,"м. Кропивницький вул. Академіка Тамма, 27",unknown
"№ 3722
 від 29.05.18","м. Кропивницький вул. Короленка, сквер «Катюша»",48.5353586,32.2713678,ОКВП «Дніпро-Кіровоград»,береза,1,NotYet,NotYet,False,NotYet,NotYet,"м. Кропивницький вул. Короленка, сквер «Катюша»",ОКВП «Дніпро-Кіровоград»
"№ 3722
 від 29.05.18","м. Кропивницький вул. Короленка, сквер «Катюша»",48.5353963,32.2713716,ОКВП «Дніпро-Кіровоград»,"спірея, кущ",5,NotYet,NotYet,False,NotYet,NotYet,"м. Кропивницький вул. Короленка, сквер «Катюша»",ОКВП «Дніпро-Кіровоград»
"№ 3723
 від 29.05.18","м. Кропивницький вул. Євгена Маланюка, уздовж дороги навпроти магазину «Світ»",48.5193373,32.2803921,КП «Благоустрій» МРМК»,тополя,1,NotYet,NotYet,False,NotYet,NotYet,"м. Кропивницький вул. Євгена Маланюка, уздовж дороги навпроти магазину «Світ»",КП «Благоустрій» МРМК»
"№ 3723
 від 29.05.18","м. Кропивницький просп. Перемоги, позаду ЗОШ № 20",48.5204,32.251020000000004,КП «Благоустрій» МРМК»,клен,1,NotYet,NotYet,False,NotYet,NotYet,"м. Кропивницький просп. Перемоги, позаду ЗОШ № 20",КП «Благоустрій» МРМК»
"№ 3724
 від 29.05.18","м. Кропивницький вул. Будівельників, 1-а",48.5615486,32.2417624,КП «Благоустрій» МРМК»,сосна,1,NotYet,NotYet,False,NotYet,NotYet,"м. Кропивницький вул. Будівельників, 1-а",КП «ЖЕО № 1» Міської ради міста Кропивницького
"№ 3724
 від 29.05.18","м. Кропивницький вул. Будівельників, 1-а",48.5615486,32.2417624,КП «Благоустрій» МРМК»,сосна,1,NotYet,NotYet,False,NotYet,NotYet,"м. Кропивницький вул. Будівельників, 1-а",КП «Благоустрій» МРМК»
"№ 3725
 від 29.05.18","м. Кропивницький вул. Велика Перспективна, 1 (на території ГУ НП в Кіровоградській області)",48.511581,32.262040899999995,ГУ НП в Кіровоградській області,каштан,1,NotYet,NotYet,False,NotYet,NotYet,"м. Кропивницький вул. Велика Перспективна, 1",ГУ НП в Кіровоградській області
"№ 3726
 від 31.05.18","м. Кропивницький вул. Автолюбителів, 4, уздовж гаражного кооперативу «Автолюбитель-2» з боку
 вул. Автолюбителів",48.4876397,32.2264258,Гаражний кооператив,тополя,1,NotYet,NotYet,False,NotYet,NotYet,"м. Кропивницький вул. Автолюбителів, 4, уздовж гаражного кооперативу «Автолюбитель-2» з боку
 вул. Автолюбителів",Гаражний кооператив
"№ 3727
 від 31.05.18","м. Кропивницький вул. Академіка Тамма, 9",48.499378,32.2368188,КП «ЖЕО № 3» Міської ради міста Кропивницького,липа,1,NotYet,NotYet,False,NotYet,NotYet,"м. Кропивницький вул. Академіка Тамма, 9",КП «ЖЕО № 3» Міської ради міста Кропивницького
"№ 3727
 від 31.05.18","м. Кропивницький вул. Академіка Тамма, 9",48.499572,32.236857300000004,КП «ЖЕО № 3» Міської ради міста Кропивницького,горіх,1,NotYet,NotYet,False,NotYet,NotYet,"м. Кропивницький вул. Академіка Тамма, 9",КП «ЖЕО № 3» Міської ради міста Кропивницького
"№ 3727
 від 31.05.18","м. Кропивницький вул. Академіка Тамма, 9",48.499367,32.236877299999996,КП «ЖЕО № 3» Міської ради міста Кропивницького,абрикос,2,NotYet,NotYet,False,NotYet,NotYet,"м. Кропивницький вул. Академіка Тамма, 9",КП «ЖЕО № 3» Міської ради міста Кропивницького
"№ 3727
 від 31.05.18","м. Кропивницький вул. Академіка Тамма, 9",48.499515,32.236836100000005,КП «ЖЕО № 3» Міської ради міста Кропивницького,абрикос,1,NotYet,NotYet,False,NotYet,NotYet,"м. Кропивницький вул. Академіка Тамма, 9",КП «ЖЕО № 3» Міської ради міста Кропивницького
"№ 3729
 від 31.05.18","м. Кропивницький вул. Соборна, 22-а",48.5023311,32.2475499,КП «ЖЕО № 3» Міської ради міста Кропивницького,верба плакуча,1,NotYet,NotYet,False,NotYet,NotYet,"м. Кропивницький вул. Соборна, 22-а",КП «ЖЕО № 3» Міської ради міста Кропивницького
"№ 3730
 від 31.05.18","м. Кропивницький вул. Соборна, 23/34",48.500922499999994,32.2413276,КП «ЖЕО № 3» Міської ради міста Кропивницького,горіх,1,NotYet,NotYet,False,NotYet,NotYet,"м. Кропивницький вул. Соборна, 23/34",КП «ЖЕО № 3» Міської ради міста Кропивницького
"№ 3731
 від 31.05.18","м. Кропивницький вул. Волкова, 14, корп. 2",48.5076588,32.223417100000006,КП «ЖЕО № 3» Міської ради міста Кропивницького,тополя,2,NotYet,NotYet,False,NotYet,NotYet,"м. Кропивницький вул. Волкова, 14, корп. 2",КП «ЖЕО № 3» Міської ради міста Кропивницького
"№ 3732
 від 31.05.18","м. Кропивницький вул. Євгена Тельнова, 2-в",48.5018138,32.234137,КП «ЖЕО № 3» Міської ради міста Кропивницького,яблуня,1,NotYet,NotYet,False,NotYet,NotYet,"м. Кропивницький вул. Євгена Тельнова, 2-в",КП «ЖЕО № 3» Міської ради міста Кропивницького
"№ 3733
 від 31.05.18","м. Кропивницький вул. Академіка Корольова, 3",48.503226,32.235915999999996,ОЖБК,горіх,1,NotYet,NotYet,False,NotYet,NotYet,"м. Кропивницький вул. Академіка Корольова, 3",ОЖБК
"№ 3734
 від 31.05.18","м. Кропивницький вул. Арсенія Тарковського, 2",48.51636,32.2783326,КП «ЖЕО № 2» Міської ради міста Кропивницького,черешня,1,NotYet,NotYet,False,NotYet,NotYet,"м. Кропивницький вул. Арсенія Тарковського, 2",КП «ЖЕО № 2» Міської ради міста Кропивницького
"№ 3735
 від 31.05.18","м. Кропивницький вул. Архітектора Паученка, 51/44, уздовж дороги по вул. Архітектора Паученка",48.509305,32.271507,КП «ЖЕО № 2» Міської ради міста Кропивницького,акація,1,NotYet,NotYet,False,NotYet,NotYet,"м. Кропивницький вул. Архітектора Паученка, 51/44, уздовж дороги по вул. Архітектора Паученка",КП «ЖЕО № 2» Міської ради міста Кропивницького
"№ 3735
 від 31.05.18","м. Кропивницький вул. Велика Перспективна, 25/34, у дворі уздовж паркану",48.5115872,32.268388,КП «ЖЕО № 2» Міської ради міста Кропивницького,тополя,2,NotYet,NotYet,False,NotYet,NotYet,"м. Кропивницький вул. Велика Перспективна, 25/34, у дворі уздовж паркану",unknown
"№ 3735
 від 31.05.18","м. Кропивницький вул. Архангельська, 65/108, уздовж дороги по вул. Архангельській",48.505046500000006,32.272234000000005,КП «ЖЕО № 2» Міської ради міста Кропивницького,клен,1,NotYet,NotYet,False,NotYet,NotYet,"м. Кропивницький вул. Архангельська, 65/108, уздовж дороги по вул. Архангельській",КП «ЖЕО № 2» Міської ради міста Кропивницького
"№ 3735
 від 31.05.18","м. Кропивницький вул. Пашутінська, 51-а",48.5083306,32.2683304,КП «ЖЕО № 2» Міської ради міста Кропивницького,каштан,1,NotYet,NotYet,False,NotYet,NotYet,"м. Кропивницький вул. Пашутінська, 51-а",КП «ЖЕО № 2» Міської ради міста Кропивницького
"№ 3736
 від 31.05.18","м. Кропивницький вул. Гагаріна, 7",48.5138976,32.269310499999996,КП «ЖЕО № 2» Міської ради міста Кропивницького,берест,1,NotYet,NotYet,False,NotYet,NotYet,"м. Кропивницький вул. Гагаріна, 7",КП «ЖЕО № 2» Міської ради міста Кропивницького
