act_number,tree_adress,Latitude,Longitude,tree_cut_requester,tree_characteristics,number,date,cutting_act,was_cut,date_number,date_UTF,tree_adress_shorten
"№ 3608
 від 09.01.18","м. Кропивницький вул. Генерала Родимцева, 94 (за будинком)",48.4972581,32.3071787,КП «ЖЕО № 2» Міської ради міста Кропивницького,клен діам. 15-20 см,1,№ 328/03-01-06 від 16.02.18,,0,№ 328/03-01-06,16.02.18,"м. Кропивницький вул. Генерала Родимцева, 94"
"№ 3609
 від 09.01.18","м. Кропивницький вул. Героїв України, 12, корп. 5 (позаду під'їзду № 3)",48.494193599999996,32.2187922,КП «ЖЕО № 4» Міської ради міста Кропивницького,тополя діам. 30-35 см,1,№ 328/03-01-06 від 16.02.18,,0,№ 328/03-01-06,16.02.18,"м. Кропивницький вул. Героїв України, 12, корп. 5"
"№ 3609
 від 09.01.18","м. Кропивницький вул. Героїв України, 12, корп. 5 (позаду під'їзду № 5 та № 6)",48.494193599999996,32.2187922,КП «ЖЕО № 4» Міської ради міста Кропивницького,вишня діам. 20-25 см,5,№ 328/03-01-06 від 16.02.18,,0,№ 328/03-01-06,16.02.18,"м. Кропивницький вул. Героїв України, 12, корп. 5"
"№ 3609
 від 09.01.18","м. Кропивницький вул. Героїв України, 12, корп. 5 (з боку під'їзду № 6)",48.494193599999996,32.2187922,КП «ЖЕО № 4» Міської ради міста Кропивницького,абрикос діам. 20-25 см,1,№ 328/03-01-06 від 16.02.18,,0,№ 328/03-01-06,16.02.18,"м. Кропивницький вул. Героїв України, 12, корп. 5"
"№ 3609
 від 09.01.18","м. Кропивницький вул. Пацаєва, 12, корп. 2",48.4955957,32.21753,КП «ЖЕО № 4» Міської ради міста Кропивницького,акація діам. 65-70 см,1,№ 328/03-01-06 від 16.02.18,,0,№ 328/03-01-06,16.02.18,"м. Кропивницький вул. Пацаєва, 12, корп. 2"
"№ 3610
 від 09.01.18",м. Кропивницький на перехресті вулиць Верхньої Биковської та Великої Перспективної,48.511613200000006,32.2683835,КП «Благоустрій» Міської ради міста Кропивницького»,акація діам. 40-45 см,1,№ 818/03-01-06 від 26.03.18,"№ 18, 2018",1,№ 818/03-01-06,26.03.18,м. Кропивницький на перехресті вулиць Верхньої Биковської та Великої Перспективної
"№ 3611
 від 09.01.18","м. Кропивницький вул. Миколи Левитського (між будинками
 № 1-а та № 1/49)",48.50793300000001,32.262316999999996,КП «Благоустрій» Міської ради міста Кропивницького»,акація діам. 75-80 см,1,№ 933/03-01-06 від 06.04.18,,0,№ 933/03-01-06,06.04.18,м. Кропивницький вул. Миколи Левитського
"№ 3611
 від 09.01.18",м. Кропивницький просп. Винниченка (уздовж дороги між будинками № 32 та кафе «Старий круг»),48.50793300000001,32.262316999999996,КП «Благоустрій» Міської ради міста Кропивницького»,тополя діам. 65-70 см,1,№ 933/03-01-06 від 06.04.18,,0,№ 933/03-01-06,06.04.18,м. Кропивницький просп. Винниченка
"№ 3612
 від 09.01.18",м. Кропивницький вул. Михайлівська (біля обласного центру планування сім'ї та репродукції людини),48.50793300000001,32.262316999999996,КП «Благоустрій» Міської ради міста Кропивницького»,берест діам. 60-65 см,1,№ 345-в від 20.01.18,"№ 11, 2018",1,№ 345-в,20.01.18,м. Кропивницький вул. Михайлівська
"№ 3613
 від 09.01.18",м. Кропивницький вул. Петропавлівська (уздовж дороги біля будинку № 5),48.5047124,32.2804122,гр. Сирота О.М.,акація діам. 70-75 см,1,№ 933/03-01-06 від 06.04.18,"№ 20, 2018",1,№ 933/03-01-06,06.04.18,м. Кропивницький вул. Петропавлівська
"№ 3614
 від 09.01.18","м. Кропивницький вздовж русла річки Інгул (від мосту по вул. Київській до гідротехнічної споруди
 КП «Теплоенергетик»",48.529222499999996,32.2454928,ГУ ЖКГ Міської ради міста Кропивницького,клен діам. 10-20 см,12,,,0,,,м. Кропивницький вздовж русла річки Інгул
"№ 3614
 від 09.01.18","м. Кропивницький вздовж русла річки Інгул (від мосту по вул. Київській до гідротехнічної споруди
 КП «Теплоенергетик»",48.529222499999996,32.2454928,ГУ ЖКГ Міської ради міста Кропивницького,клен діам. 30-60 см,14,,,0,,,м. Кропивницький вздовж русла річки Інгул
"№ 3614
 від 09.01.18","м. Кропивницький вздовж русла річки Інгул (від мосту по вул. Київській до гідротехнічної споруди
 КП «Теплоенергетик»",48.529222499999996,32.2454928,ГУ ЖКГ Міської ради міста Кропивницького,верба плакуча діам. 50-60 см,3,,,0,,,м. Кропивницький вздовж русла річки Інгул
"№ 3614
 від 09.01.18","м. Кропивницький вздовж русла річки Інгул (від мосту по вул. Київській до гідротехнічної споруди
 КП «Теплоенергетик»",48.529222499999996,32.2454928,ГУ ЖКГ Міської ради міста Кропивницького,тополя пірамідальна діам. 60-70 см,3,,,0,,,м. Кропивницький вздовж русла річки Інгул
"№ 3615
 від 09.01.18","м. Кропивницький вул. Вокзальна, 39-ф",48.5165569,32.2524538,ПП «Босфор-Люкс»,тополя діам. 70-75 см,1,,,0,,,"м. Кропивницький вул. Вокзальна, 39-ф"
"№ 3616
 від 18.01.18","м. Кропивницький вул. Юрія Краснокутського, 1-а",48.539547,32.2614431,КП «ЖЕО № 1» Міської ради міста Кропивницького,клен діам. 40-45 см,1,№ 818/03-01-06 від 26.03.18,"№ 18, 2018",1,№ 818/03-01-06,26.03.18,"м. Кропивницький вул. Юрія Краснокутського, 1-а"
"№ 3616
 від 18.01.18","м. Кропивницький вул. Юрія Краснокутського, 1-а",48.539547,32.2614431,КП «ЖЕО № 1» Міської ради міста Кропивницького,клен діам. 35-40 см,1,№ 818/03-01-06 від 26.03.18,"№ 18, 2018",1,№ 818/03-01-06,26.03.18,"м. Кропивницький вул. Юрія Краснокутського, 1-а"
"№ 3617
 від 18.01.18","м. Кропивницький вул. Будівельників, 1-а",48.561578600000004,32.2417417,КП «ЖЕО № 1» Міської ради міста Кропивницького,сосна діам. 30-35 см,1,№ 345-в від 20.01.18,"№ 11, 2018",1,№ 345-в,20.01.18,"м. Кропивницький вул. Будівельників, 1-а"
"№ 3618
 від 18.01.18","м. Кропивницький вул. Варшавська, 2-б (між під. № 5 та № 6)",48.50793300000001,32.262316999999996,КП «ЖЕО № 1» Міської ради міста Кропивницького,горіх діам. 25-30 см,1,№ 818/03-01-06 від 26.03.18,"№ 18, 2018",1,№ 818/03-01-06,26.03.18,"м. Кропивницький вул. Варшавська, 2-б"
"№ 3619
 від 18.01.18",м. Кропивницький вул. Декабристів (у дворі будинків № 23-а та 23-б),48.51105459999999,32.2628584,КП «ЖЕО № 1» Міської ради міста Кропивницького,акація діам. 40-45 см,1,№ 818/03-01-06 від 26.03.18,"№ 29, 2018",1,№ 818/03-01-06,26.03.18,м. Кропивницький вул. Декабристів
"№ 3620
 від 18.01.18","м. Кропивницький вул. Кропивницького, 80 (позаду під'їзду № 1)",48.50793300000001,32.262316999999996,КП «ЖЕО № 2» Міської ради міста Кропивницького,абрикос діам. 20-25 см,1,№ 328/03-01-06 від 16.02.18,,0,№ 328/03-01-06,16.02.18,"м. Кропивницький вул. Кропивницького, 80"
"№ 3621
 від 18.01.18","м. Кропивницький вул. Євгена Тельнова, 2, корп. 2 (навпроти під'їзду № 3)",48.501893700000004,32.234619,КП «ЖЕО № 3» Міської ради міста Кропивницького,яблуня діам. 20-30 см,8,,,0,,,"м. Кропивницький вул. Євгена Тельнова, 2, корп. 2"
"№ 3622
 від 18.01.18","м. Кропивницький вул. Волкова, 20, корп. 1",48.50509419999999,32.2226422,КП «ЖЕО № 3» Міської ради міста Кропивницького,тополя діам. 35-40 см,1,№ 818/03-01-06 від 26.03.18,"№ 20, 2018",1,№ 818/03-01-06,26.03.18,"м. Кропивницький вул. Волкова, 20, корп. 1"
"№ 3622
 від 18.01.18","м. Кропивницький вул. Волкова, 20, корп. 1",48.50509419999999,32.2226422,КП «ЖЕО № 3» Міської ради міста Кропивницького,горіх діам. 85-90 см,1,№ 818/03-01-06 від 26.03.18,"№ 20, 2018",1,№ 818/03-01-06,26.03.18,"м. Кропивницький вул. Волкова, 20, корп. 1"
"№ 3622
 від 18.01.18","м. Кропивницький вул. Волкова, 20, корп. 1",48.50509419999999,32.2226422,КП «ЖЕО № 3» Міської ради міста Кропивницького,горіх діам. 25-30 см,1,№ 818/03-01-06 від 26.03.18,"№ 20, 2018",1,№ 818/03-01-06,26.03.18,"м. Кропивницький вул. Волкова, 20, корп. 1"
"№ 3623
 від 18.01.18","м. Кропивницький вул. Волкова, 14, корп. 1",48.50765879999999,32.2234158,КП «ЖЕО № 3» Міської ради міста Кропивницького,вишня діам. 10-15 см,1,№ 933/03-01-06 від 06.04.18,"№ 20, 2018",1,№ 933/03-01-06,06.04.18,"м. Кропивницький вул. Волкова, 14, корп. 1"
"№ 3623
 від 18.01.18","м. Кропивницький вул. Волкова, 14, корп. 1",48.50765879999999,32.2234158,КП «ЖЕО № 3» Міської ради міста Кропивницького,вишня діам. 20-25 см,3,№ 933/03-01-06 від 06.04.18,"№ 20, 2018",1,№ 933/03-01-06,06.04.18,"м. Кропивницький вул. Волкова, 14, корп. 1"
"№ 3623
 від 18.01.18","м. Кропивницький вул. Волкова, 14, корп. 1",48.50765879999999,32.2234158,КП «ЖЕО № 3» Міської ради міста Кропивницького,тополя діам. 60-65 см,2,№ 933/03-01-06 від 06.04.18,"№ 20, 2018",1,№ 933/03-01-06,06.04.18,"м. Кропивницький вул. Волкова, 14, корп. 1"
"№ 3624
 від 18.01.18","м. Кропивницький вул. Бєляєва,7, корп. 3 (за будинком)",48.51033579999999,32.227513800000004,КП «ЖЕО № 3» Міської ради міста Кропивницького,береза діам. 30-35 см,1,№ 818/03-01-06 від 26.03.18,"№ 18, 2018",1,№ 818/03-01-06,26.03.18,"м. Кропивницький вул. Бєляєва,7, корп. 3"
"№ 3625
 від 18.01.18","м. Кропивницький вул. Олексія Волохова,9/1 (у дворі біля дитячого майданчика)",48.50793300000001,32.262316999999996,КП «ЖЕО № 3» Міської ради міста Кропивницького,горіх діам. 15-20 см,1,№ 933/03-01-06 від 06.04.18,"№ 20, 2018",1,№ 933/03-01-06,06.04.18,"м. Кропивницький вул. Олексія Волохова,9/1"
"№ 3626
 від 18.01.18","м. Кропивницький просп. Перемоги, 14 (за будинком)",48.519877799999996,32.2514141,ОСББ «Перемоги 14-Ковалівка»,вишня діам. 10-15 см,7,,,0,,,"м. Кропивницький просп. Перемоги, 14"
"№ 3626
 від 18.01.18","м. Кропивницький просп. Перемоги, 14 (за будинком)",48.519877799999996,32.2514141,ОСББ «Перемоги 14-Ковалівка»,слива діам. 10-15 см,1,,,0,,,"м. Кропивницький просп. Перемоги, 14"
"№ 3627
 від 18.01.18","м. Кропивницький пров. Кінний, 3 (на території закладу)",48.50793300000001,32.262316999999996,ДНЗ № 73 «Червона квіточка»,груша діам. 15-20 см,1,,,0,,,"м. Кропивницький пров. Кінний, 3"
"№ 3627
 від 18.01.18","м. Кропивницький пров. Кінний, 3 (на території закладу)",48.50793300000001,32.262316999999996,ДНЗ № 73 «Червона квіточка»,абрикос діам. 25-30 см,1,,,0,,,"м. Кропивницький пров. Кінний, 3"
"№ 3627
 від 18.01.18","м. Кропивницький пров. Кінний, 3 (на території закладу)",48.50793300000001,32.262316999999996,ДНЗ № 73 «Червона квіточка»,тополя діам. 80-85 см,1,,,0,,,"м. Кропивницький пров. Кінний, 3"
"№ 3628
 від 18.01.18","м. Кропивницький вул. Романа Майстернюка, 7 (уздовж дороги)",48.50793300000001,32.262316999999996,гр. Фіцуліна В.Г.,горіх діам. 50-55 см,1,,,0,,,"м. Кропивницький вул. Романа Майстернюка, 7"
"№ 3629
 від 18.01.18","м. Кропивницький вул. Волкова, 26, корп. 1",48.4980467,32.22243889999999,КП «ЖЕО № 3» Міської ради міста Кропивницького,тополя діам. 45-50 см,2,№ 818/03-01-06 від 26.03.18,"№ 18, 2018",1,№ 818/03-01-06,26.03.18,"м. Кропивницький вул. Волкова, 26, корп. 1"
"№ 3630
 від 23.01.18","м. Кропивницький вул. Євгена Тельнова, 4 (з боку під. № 1)",48.50280720000001,32.232589600000004,КП «ЖЕО № 3» Міської ради міста Кропивницького,яблуня діам. 25-30 см,1,,,0,,,"м. Кропивницький вул. Євгена Тельнова, 4"
"№ 3631
 від 23.01.18","м. Кропивницький вул. Гагаріна, 48/12",48.5096323,32.2787128,гр. Лобанова Л.А.,акація діам. 40-45 см,1,"№ 749-Л
 від 27.02.18",,0,"№ 749-Л
",27.02.18,"м. Кропивницький вул. Гагаріна, 48/12"
"№ 3632
 від 23.01.18","м. Кропивницький вул. Олега Ольжича (уздовж дороги біля буд. № 4),",48.525713700000004,32.276576399999996,КП «Благоустрій» МРМК»,клен діам. 70-75 см,1,,,0,,,м. Кропивницький вул. Олега Ольжича
"№ 3632
 від 23.01.18","м. Кропивницький вул. Олега Ольжича (уздовж дороги біля буд. № 4),",48.525713700000004,32.276576399999996,КП «Благоустрій» МРМК»,шовковиця діам. 35-40 см,1,,,0,,,м. Кропивницький вул. Олега Ольжича
"№ 3632
 від 23.01.18",м. Кропивницький (уздовж дороги біля ДНЗ № 54),48.50793300000001,32.262316999999996,КП «Благоустрій» МРМК»,тополя діам. 65-75 см,6,,,0,,,м. Кропивницький
"№ 3632
 від 23.01.18",м. Кропивницький (уздовж дороги біля ДНЗ № 54),48.50793300000001,32.262316999999996,КП «Благоустрій» МРМК»,акація діам. 30-35 см,1,,,0,,,м. Кропивницький
"№ 3632
 від 23.01.18",м. Кропивницький (уздовж дороги біля ДНЗ № 54),48.50793300000001,32.262316999999996,КП «Благоустрій» МРМК»,клен діам. 30-35 см,1,,,0,,,м. Кропивницький
"№ 3632
 від 23.01.18",м. Кропивницький на перехресті біля буд. № 38,48.50793300000001,32.262316999999996,КП «Благоустрій» МРМК»,тополя діам. 30-35 см,1,,,0,,,м. Кропивницький на перехресті біля буд. № 38
"№ 3633
 від 30.01.18","м. Кропивницький вул. Генерала Шумілова, 30",48.494352899999996,32.2670947,ЗОШ № 7,акація діам. 60-70 см,6,,,0,,,"м. Кропивницький вул. Генерала Шумілова, 30"
"№ 3633
 від 30.01.18","м. Кропивницький вул. Генерала Шумілова, 30",48.494352899999996,32.2670947,ЗОШ № 7,шовковиця діам. 30-35 см,1,,,0,,,"м. Кропивницький вул. Генерала Шумілова, 30"
"№ 3633
 від 30.01.18","м. Кропивницький вул. Генерала Шумілова, 30",48.494352899999996,32.2670947,ЗОШ № 7,шовковиця 3 діам. 20-30 см,1,,,0,,,"м. Кропивницький вул. Генерала Шумілова, 30"
"№ 3633
 від 30.01.18","м. Кропивницький вул. Генерала Шумілова, 30",48.494352899999996,32.2670947,ЗОШ № 7,шовковиця 2 діам. 20-30 см,1,,,0,,,"м. Кропивницький вул. Генерала Шумілова, 30"
"№ 3634
 від 30.01.18","м. Кропивницький між будинками по вул. Шатила, 3 та Вокзальною, 64",48.50793300000001,32.262316999999996,КП «Водоканал»,липа діам. 30-40 см,1,"№ 345-В
 від 30.01.18","№ 7, 2018",1,"№ 345-В
",30.01.18,"м. Кропивницький між будинками по вул. Шатила, 3 та Вокзальною, 64"
"№ 3635
 від 13.02.18",м. Кропивницький вул. Олександрійське шосе (біля вїзду до гаражного кооперативу),48.50793300000001,32.262316999999996,Голова гаражного кооперативу «Віраж» Водотика А.М.,дуб діам. 40-45 см,1,,,0,,,м. Кропивницький вул. Олександрійське шосе
"№ 3636
 від 13.02.18","м. Кропивницький вул. Добровольського, 3 (навпроти під'їзду № 3)",48.5349818,32.274716600000005,Голова гаражного кооперативу «Віраж» Водотика А.М.,клен діам. 35-40 см,1,№ 818/03-01-06 від 26.03.18,,0,№ 818/03-01-06,26.03.18,"м. Кропивницький вул. Добровольського, 3"
"№ 3636
 від 13.02.18","м. Кропивницький вул. Добровольського, 3 (навпроти під'їзду № 3)",48.5349818,32.274716600000005,Голова гаражного кооперативу «Віраж» Водотика А.М.,яблуня діам. 20-25 см,1,№ 818/03-01-06 від 26.03.18,,0,№ 818/03-01-06,26.03.18,"м. Кропивницький вул. Добровольського, 3"
"№ 3637
 від 13.02.18","м. Кропивницький вул. Шатила , 3 (біля в'їзду у двір)",48.50793300000001,32.262316999999996,КП «ЖЕО № 3» Міської ради міста Кропивницького,клен діам. 40-45 см,1,№ 818/03-01-06 від 26.03.18,"№ 29, 2018",1,№ 818/03-01-06,26.03.18,"м. Кропивницький вул. Шатила , 3"
"№ 3638
 від 13.02.18",м. Кропивницький вул. Гоголя (уздовж дороги біля будинку № 63),48.50793300000001,32.262316999999996,ГО «Озеленення Кропивницький»,клен діам. 35-40 см,1,№ 402/03-01-06 від 23.02.18,,0,№ 402/03-01-06,23.02.18,м. Кропивницький вул. Гоголя
"№ 3639
 від 13.02.18","м. Кропивницький вул. Архангельська, 34 (у дворі будинку)",48.50923119999999,32.2760872,гр. Наконечна Н.В.,акація діам. 30-35 сс,1,№ 933/03-01-06 від 06.04.18,"№ 29, 2018",1,№ 933/03-01-06,06.04.18,"м. Кропивницький вул. Архангельська, 34"
"№ 3640
 від 20.02.18","м. Кропивницький вул. Глинки, 1 (на території закладу)",48.50793300000001,32.262316999999996,ЗОШ № 32,яблуня діам. 20-30 см,7,,,0,,,"м. Кропивницький вул. Глинки, 1"
"№ 3641
 від 20.02.18","м. Кропивницький вул. Волкова, 28, корп. 2",48.4983198,32.225403299999996,КП «ЖЕО № 3» Міської ради міста Кропивницького,абрикос - 20-25 см,2,№ 818/03-01-06 від 26.03.18,"№ 20, 2018",1,№ 818/03-01-06,26.03.18,"м. Кропивницький вул. Волкова, 28, корп. 2"
"№ 3641
 від 20.02.18","м. Кропивницький вул. Волкова, 28, корп. 2",48.4983198,32.225403299999996,КП «ЖЕО № 3» Міської ради міста Кропивницького,берест діам. 20-25 см,1,№ 818/03-01-06 від 26.03.18,"№ 20, 2018",1,№ 818/03-01-06,26.03.18,"м. Кропивницький вул. Волкова, 28, корп. 2"
"№ 3642
 від 20.02.18","м. Кропивницький вул. Кропивницького, 80",48.50793300000001,32.262316999999996,КП «ЖЕО № 2» Міської ради міста Кропивницького,верба плакуча діам. 70-75 см,1,№ 735/03-01-06 від 15.03.18,"№ 17, 2018",1,№ 735/03-01-06,15.03.18,"м. Кропивницький вул. Кропивницького, 80"
"№ 3643
 від 20.02.18","м. Кропивницький вул. Поповича, 7-б",48.524288,32.2580419,гр. Ткаченко Н.А.,ясен діам. 30-35 см,1,№ 818/03-01-06 від 26.03.18,"№ 20, 2018",1,№ 818/03-01-06,26.03.18,"м. Кропивницький вул. Поповича, 7-б"
"№ 3644
 від 20.02.18","м. Кропивницький вул. Володі Дубініна, 9",48.4733059,32.3024684,гр. Губерт С.Ф.,акація діам. 30-35 см,1,№ 735/03-01-06 від 15.03.18,"№ 17, 2018",1,№ 735/03-01-06,15.03.18,"м. Кропивницький вул. Володі Дубініна, 9"
"№ 3645
 від 20.02.18","м. Кропивницький ДНЗ № 43 «Горобинка» вул. Васнецова, 4",48.5193482,32.288723,МЧС,вишня діам. 20-25 см,1,№ 818/03-01-06 від 26.03.18,,0,№ 818/03-01-06,26.03.18,"м. Кропивницький ДНЗ № 43 «Горобинка» вул. Васнецова, 4"
"№ 3645
 від 20.02.18","м. Кропивницький ДНЗ № 43 «Горобинка» вул. Васнецова, 4",48.5193482,32.288723,МЧС,бузок діам. 5-10 см,1,№ 818/03-01-06 від 26.03.18,,0,№ 818/03-01-06,26.03.18,"м. Кропивницький ДНЗ № 43 «Горобинка» вул. Васнецова, 4"
"№ 3646
 від 20.02.18","м. Кропивницький вул. Добровольського, 4",48.5358931,32.273754600000004,КП «Благоустрій» МРМК»,тополя діам. 60-65 см,1,№ 818/03-01-06 від 26.03.18,,0,№ 818/03-01-06,26.03.18,"м. Кропивницький вул. Добровольського, 4"
"№ 3646
 від 20.02.18","м. Кропивницький вул. Доброволського, 6",48.536776,32.2726048,КП «Благоустрій» МРМК»,акація діам. 25-30 см,1,№ 818/03-01-06 від 26.03.18,"№ 20, 2018",1,№ 818/03-01-06,26.03.18,"м. Кропивницький вул. Доброволського, 6"
"№ 3646
 від 20.02.18","м. Кропивницький вул. Доброволського, 6",48.536776,32.2726048,КП «Благоустрій» МРМК»,тополя діам. 40-+45 см,1,№ 818/03-01-06 від 26.03.18,,0,№ 818/03-01-06,26.03.18,"м. Кропивницький вул. Доброволського, 6"
"№ 3646
 від 20.02.18","м. Кропивницький вул. Добровольського, 8",48.5370081,32.2721423,КП «Благоустрій» МРМК»,тополя діам. 55-65 см,5,№ 818/03-01-06 від 26.03.18,,0,№ 818/03-01-06,26.03.18,"м. Кропивницький вул. Добровольського, 8"
"№ 3646
 від 20.02.18","м. Кропивницький вул. Добровольського, 9",48.536447499999994,32.271429,КП «Благоустрій» МРМК»,тополя діам. 60-70 см,6,№ 818/03-01-06 від 26.03.18,,0,№ 818/03-01-06,26.03.18,"м. Кропивницький вул. Добровольського, 9"
"№ 3646
 від 20.02.18","м. Кропивницький вул. Добровольського, 13, біля кафе «Ребро»",48.5372227,32.2692329,КП «Благоустрій» МРМК»,тополя діам. 55-60 см,4,№ 818/03-01-06 від 26.03.18,,0,№ 818/03-01-06,26.03.18,"м. Кропивницький вул. Добровольського, 13, біля кафе «Ребро»"
"№ 3646
 від 20.02.18","м. Кропивницький вул. Добровольського, 17",48.53765720000001,32.268722600000004,КП «Благоустрій» МРМК»,тополя діам. 25-30 см,1,№ 818/03-01-06 від 26.03.18,,0,№ 818/03-01-06,26.03.18,"м. Кропивницький вул. Добровольського, 17"
"№ 3646
 від 20.02.18","м. Кропивницький вул. Добровольського, 18",48.5379533,32.271071899999995,КП «Благоустрій» МРМК»,тополя діам. 45-55 см,4,№ 818/03-01-06 від 26.03.18,,0,№ 818/03-01-06,26.03.18,"м. Кропивницький вул. Добровольського, 18"
"№ 3646
 від 20.02.18","м. Кропивницький вул. Добровольського, 20",48.5380664,32.2701549,КП «Благоустрій» МРМК»,тополя діам. 35-50 см,2,№ 818/03-01-06 від 26.03.18,,0,№ 818/03-01-06,26.03.18,"м. Кропивницький вул. Добровольського, 20"
"№ 3647
 від 27.02.18","м. Кропивницький вул. Соборна, 7-а",48.49921759999999,32.249062800000004,Управління Статистики,акація діам. 30-35 см,1,,,0,,,"м. Кропивницький вул. Соборна, 7-а"
"№ 3647
 від 27.02.18","м. Кропивницький вул. Соборна, 7-а",48.49921759999999,32.249062800000004,Управління Статистики,шовковиця діам. 30-35 см,2,,,0,,,"м. Кропивницький вул. Соборна, 7-а"
"№ 3647
 від 27.02.18","м. Кропивницький вул. Соборна, 7-а",48.49921759999999,32.249062800000004,Управління Статистики,вишня діам. 15-20 см,1,,,0,,,"м. Кропивницький вул. Соборна, 7-а"
"№ 3647
 від 27.02.18","м. Кропивницький вул. Соборна, 7-а",48.49921759999999,32.249062800000004,Управління Статистики,липа діам. 30-35 см,1,,,0,,,"м. Кропивницький вул. Соборна, 7-а"
"№ 3647
 від 27.02.18","м. Кропивницький вул. Соборна, 7-а",48.49921759999999,32.249062800000004,Управління Статистики,тополя діам. 50-55 см,1,,,0,,,"м. Кропивницький вул. Соборна, 7-а"
"№ 3648
 від 27.02.18","м. Кропивницький вул. Космонавта Попова, 28/20 (на території ЗОШ № 35)",48.493637899999996,32.2091866,Управління освіти МРМК,вишня діам. 15-20 см,1,,,0,,,"м. Кропивницький вул. Космонавта Попова, 28/20"
"№ 3648
 від 27.02.18","м. Кропивницький вул. Космонавта Попова, 28/20 (на території ЗОШ № 35)",48.493637899999996,32.2091866,Управління освіти МРМК,акація діам. 20-25 см,1,,,0,,,"м. Кропивницький вул. Космонавта Попова, 28/20"
"№ 3648
 від 27.02.18","м. Кропивницький вул. Космонавта Попова, 28/20 (на території ЗОШ № 35)",48.493637899999996,32.2091866,Управління освіти МРМК,береза діам. 15-20 см,1,,,0,,,"м. Кропивницький вул. Космонавта Попова, 28/20"
"№ 3648
 від 27.02.18","м. Кропивницький вул. Космонавта Попова, 28/20 (на території ЗОШ № 35)",48.493637899999996,32.2091866,Управління освіти МРМК,абрикос діам. 35-40 см,1,,,0,,,"м. Кропивницький вул. Космонавта Попова, 28/20"
"№ 3648
 від 27.02.18","м. Кропивницький вул. Космонавта Попова, 28/20 (на території ЗОШ № 35)",48.493637899999996,32.2091866,Управління освіти МРМК,горобина діам. 10-15 см,1,,,0,,,"м. Кропивницький вул. Космонавта Попова, 28/20"
"№ 3648
 від 27.02.18","м. Кропивницький вул. Космонавта Попова, 28/20 (на території ЗОШ № 35)",48.493637899999996,32.2091866,Управління освіти МРМК,клен діам. 20-30 см,3,,,0,,,"м. Кропивницький вул. Космонавта Попова, 28/20"
"№ 3649
 від 07.03.18","м. Кропивницький вул. Михайлівська, 36-а (між під’їздами № 3 та № 4)",48.509164,32.272615,КП «ЖЕО № 2» Міської ради міста Кропивницького,акація діам. 20-25 см,1,№ 818/03-01-06 від 26.03.18,"№ 18, 2018",1,№ 818/03-01-06,26.03.18,"м. Кропивницький вул. Михайлівська, 36-а"
"№ 3649
 від 07.03.18","м. Кропивницький вул. Тараса Карпи, 128",48.50397589999999,32.2776762,КП «ЖЕО № 2» Міської ради міста Кропивницького,акація діам. 30-35 см,1,№ 818/03-01-06 від 26.03.18,"№ 18, 2018",1,№ 818/03-01-06,26.03.18,"м. Кропивницький вул. Тараса Карпи, 128"
"№ 3649
 від 07.03.18","м. Кропивницький вул. Тараса Карпи, 128",48.50397589999999,32.2776762,КП «ЖЕО № 2» Міської ради міста Кропивницького,тополя діам. 55-60 см,1,№ 818/03-01-06 від 26.03.18,"№ 18, 2018",1,№ 818/03-01-06,26.03.18,"м. Кропивницький вул. Тараса Карпи, 128"
"№ 3649
 від 07.03.18","м. Кропивницький вул. Гагаріна, 18 (уздовж дороги біля будинку)",48.50793300000001,32.262316999999996,КП «ЖЕО № 2» Міської ради міста Кропивницького,клен діам. 30-35 см,1,№ 818/03-01-06 від 26.03.18,"№ 18, 2018",1,№ 818/03-01-06,26.03.18,"м. Кропивницький вул. Гагаріна, 18"
"№ 3650
 від 07.03.18","м. Кропивницький вул. Євгена Тельнова, 5 (позаду під. № 1)",48.5033629,32.2322742,КП «ЖЕО № 3» Міської ради міста Кропивницького,вишня діам. 20-25 см,1,№ 818/03-01-06 від 26.03.18,"№ 32, 2018",1,№ 818/03-01-06,26.03.18,"м. Кропивницький вул. Євгена Тельнова, 5"
"№ 3651
 від 07.03.18","м. Кропивницький вул. Євгена Тельнова, 8, корп. 6",48.5026266,32.2299565,КП «ЖЕО № 3» Міської ради міста Кропивницького,в'яз діам. 10-15 см,1,,,0,,,"м. Кропивницький вул. Євгена Тельнова, 8, корп. 6"
"№ 3651
 від 07.03.18","м. Кропивницький вул. Євгена Тельнова, 8, корп. 6",48.5026266,32.2299565,КП «ЖЕО № 3» Міської ради міста Кропивницького,вишня діам. 20-25 см,1,,,0,,,"м. Кропивницький вул. Євгена Тельнова, 8, корп. 6"
"№ 3651
 від 07.03.18","м. Кропивницький вул. Євгена Тельнова, 8, корп. 6",48.5026266,32.2299565,КП «ЖЕО № 3» Міської ради міста Кропивницького,яблуня діам. 20-25 см,1,,,0,,,"м. Кропивницький вул. Євгена Тельнова, 8, корп. 6"
"№ 3652
 від 07.03.18",м. Кропивницький Лелеківський лісопарк,48.50793300000001,32.262316999999996,КП «Благоустрій» МРМК»,сосна діам. 15-25 см,8,,,0,,,м. Кропивницький Лелеківський лісопарк
"№ 3652
 від 07.03.18",м. Кропивницький Лелеківський лісопарк,48.50793300000001,32.262316999999996,КП «Благоустрій» МРМК»,акація - діам. 20-25 см,1,,,0,,,м. Кропивницький Лелеківський лісопарк
"№ 3653
 від 07.03.18","м. Кропивницький вул. Академіка Корольова, 7",48.5048237,32.234503499999995,КП «Благоустрій» МРМК»,клен діам. 40-45 см,1,№ 818/03-01-06 від 26.03.18,"№ 18, 2018",1,№ 818/03-01-06,26.03.18,"м. Кропивницький вул. Академіка Корольова, 7"
"№ 3654
 від 07.03.18","м. Кропивницький вул. Володимирська, 54/35",48.50793300000001,32.262316999999996,КП «Благоустрій» МРМК»,каштан діам. 35-40 см,1,№ 735/03-01-06 від 15.03.18,"№ 17, 2018",1,№ 735/03-01-06,15.03.18,"м. Кропивницький вул. Володимирська, 54/35"
№ 3655 від 22.03.18,"м. Кропивницький вул. Гагаріна, 3-а (біля гаражів навпроти під. № 3)",48.50793300000001,32.262316999999996,КП «ЖЕО № 2» Міської ради міста Кропивницького,ясень діам. 35-40 см,1,№ 933/03-01-06 від 06.04.18,,0,№ 933/03-01-06,06.04.18,"м. Кропивницький вул. Гагаріна, 3-а"
№ 3656 від 22.03.18,"м. Кропивницький вул. Євгена Тельнова, 9 корп. 2",48.502809,32.228825300000004,КП «ЖЕО № 3» Міської ради міста Кропивницького,яблуня діам. 15-20 см,2,,,0,,,"м. Кропивницький вул. Євгена Тельнова, 9 корп. 2"
№ 3657 від 22.03.18,"м. Кропивницький вул. Генерала Жадова, 28, корп. 2 (біля під'їзду № 5)",48.49057029999999,32.2013222,ОСББ «Гарант-28»,шовковиця діам. 25-30 см,,,,0,,,"м. Кропивницький вул. Генерала Жадова, 28, корп. 2"
"№ 3658
 від 22.03.18",м. Кропивницький вул. Архітектора Паученка (уздовж дороги буд. № 46),48.5081106,32.2735257,КП «Благоустрій» МРМК»,липа діам. 35-40 см,1,,,0,,,м. Кропивницький вул. Архітектора Паученка
"№ 3658
 від 22.03.18",м. Кропивницький вул. Архітектора Паученка (уздовж дороги буд. № 60),48.5081106,32.2735257,КП «Благоустрій» МРМК»,акація діам. 40-45 см,1,,,0,,,м. Кропивницький вул. Архітектора Паученка
"№ 3658
 від 22.03.18",м. Кропивницький вул. Архітектора Паученка (уздовж дороги буд. № 66),48.5081106,32.2735257,КП «Благоустрій» МРМК»,липа діам. 45-50 см,2,,,0,,,м. Кропивницький вул. Архітектора Паученка
"№ 3658
 від 22.03.18",м. Кропивницький вул. Архітектора Паученка (уздовж дороги буд. № 68),48.5081106,32.2735257,КП «Благоустрій» МРМК»,липа діам. 20-25 см,1,,,0,,,м. Кропивницький вул. Архітектора Паученка
"№ 3658
 від 22.03.18",м. Кропивницький вул. Архітектора Паученка (уздовж дороги буд. № 80),48.5081106,32.2735257,КП «Благоустрій» МРМК»,клен діам. 40-45 см,1,,,0,,,м. Кропивницький вул. Архітектора Паученка
"№ 3658
 від 22.03.18",м. Кропивницький вул. Архітектора Паученка (уздовж дороги буд. № 88),48.5081106,32.2735257,КП «Благоустрій» МРМК»,акація діам. 40-45 см,1,,,0,,,м. Кропивницький вул. Архітектора Паученка
"№ 3658
 від 22.03.18",м. Кропивницький вул. Архітектора Паученка (уздовж дороги між буд. № 104 та 106),48.5081106,32.2735257,КП «Благоустрій» МРМК»,шовковиця діам. 35-40 см,1,,,0,,,м. Кропивницький вул. Архітектора Паученка
"№ 3658
 від 22.03.18",м. Кропивницький вул. Архітектора Паученка (уздовж дороги буд. № 115),48.5081106,32.2735257,КП «Благоустрій» МРМК»,липа діам. 25-30 см,1,,,0,,,м. Кропивницький вул. Архітектора Паученка
"№ 3658
 від 22.03.18","м. Кропивницький вул. Олександрійська, 29",48.5053244,32.2832648,КП «Благоустрій» МРМК»,акація діам. 50-55 см,1,,,0,,,"м. Кропивницький вул. Олександрійська, 29"
"№ 3658
 від 22.03.18","м. Кропивницький вул. Єгорова, 5",48.5149498,32.2701424,КП «Благоустрій» МРМК»,акація діам. 125-130 см,1,,,0,,,"м. Кропивницький вул. Єгорова, 5"
"№ 3658
 від 22.03.18","м. Кропивницький вул. Єгорова, 45",48.51170380000001,32.280278,КП «Благоустрій» МРМК»,акація діам. 35-40 см,,,,0,,,"м. Кропивницький вул. Єгорова, 45"
"№ 3658
 від 22.03.18","м. Кропивницький вул. Карабінерна, 30",48.5071059,32.2762348,КП «Благоустрій» МРМК»,клен діам. 25-30 см,1,,,0,,,"м. Кропивницький вул. Карабінерна, 30"
"№ 3658
 від 22.03.18","м. Кропивницький вул. Карабінерна, 30",48.5071059,32.2762348,КП «Благоустрій» МРМК»,акація діам. 25-30 см,2,,,0,,,"м. Кропивницький вул. Карабінерна, 30"
"№ 3658
 від 22.03.18","м. Кропивницький вул. Карабінерна, 25",48.507805299999994,32.2774364,КП «Благоустрій» МРМК»,клен діам. 35-40 см,1,,,0,,,"м. Кропивницький вул. Карабінерна, 25"
"№ 3658
 від 22.03.18","м. Кропивницький вул. Покровська, 47",48.50128350000001,32.274701799999995,КП «Благоустрій» МРМК»,акація діам. 30-35 см,1,,,0,,,"м. Кропивницький вул. Покровська, 47"
"№ 3658
 від 22.03.18",м. Кропивницький сквер ім. Олександра Кондакова,48.50793300000001,32.262316999999996,КП «Благоустрій» МРМК»,абрикос діам. 25-30 см,1,,,0,,,м. Кропивницький сквер ім. Олександра Кондакова
"№ 3658
 від 22.03.18",м. Кропивницький сквер ім. Олександра Кондакова,48.50793300000001,32.262316999999996,КП «Благоустрій» МРМК»,тополя діам. 30-35,2,,,0,,,м. Кропивницький сквер ім. Олександра Кондакова
"№ 3658
 від 22.03.18",м. Кропивницький сквер ім. Олександра Кондакова,48.50793300000001,32.262316999999996,КП «Благоустрій» МРМК»,береза діам. 20-25 см,1,,,0,,,м. Кропивницький сквер ім. Олександра Кондакова
"№ 3659
 від 02.04.18","м. Кропивницький вул. Віктора Чміленка, 109-а (у дворі)",48.5053701,32.276836800000005,КП «ЖЕО № 2» Міської ради міста Кропивницького,клен діам. 60-65 см,1,№ 933/03-01-06 від 06.04.18,"№ 20, 2018",1,№ 933/03-01-06,06.04.18,"м. Кропивницький вул. Віктора Чміленка, 109-а"
"№ 3660
 від 02.04.18","м. Кропивницький вул. Казанська, 13",48.565565299999996,32.2261099,Управління освіти,клен діам. 55-60 см,1,,,0,,,"м. Кропивницький вул. Казанська, 13"
"№ 3661
 від 02.04.18","м. Кропивницький пров. Херсонський, 4",48.49387249999999,32.281055800000004,КП «Благоустрій» МРМК»,липа діам. 30-35 см,1,№ 933/03-01-06 від 06.04.18,"№ 20, 2018",1,№ 933/03-01-06,06.04.18,"м. Кропивницький пров. Херсонський, 4"
"№ 3662
 від 02.04.18",м. Кропивницький вздовж русла річки Інгул (від гідротехнічної споруди КП «Теплоенергетик» до пішохідного мосту по вул. Київській),48.529222499999996,32.2454928,ГУ ЖКГ МР МК,верба плакуча 3 діам. 35-40 см,1,,,0,,,м. Кропивницький вздовж русла річки Інгул
"№ 3662
 від 02.04.18",м. Кропивницький вздовж русла річки Інгул (від гідротехнічної споруди КП «Теплоенергетик» до пішохідного мосту по вул. Київській),48.529222499999996,32.2454928,ГУ ЖКГ МР МК,тополя діам. 55-60 см,1,,,0,,,м. Кропивницький вздовж русла річки Інгул
"№ 3662
 від 02.04.18",м. Кропивницький вздовж русла річки Інгул (від гідротехнічної споруди КП «Теплоенергетик» до пішохідного мосту по вул. Київській),48.529222499999996,32.2454928,ГУ ЖКГ МР МК,верба плакуча діам. 30-40 см,2,,,0,,,м. Кропивницький вздовж русла річки Інгул
"№ 3662
 від 02.04.18",м. Кропивницький вздовж русла річки Інгул (від гідротехнічної споруди КП «Теплоенергетик» до пішохідного мосту по вул. Київській),48.529222499999996,32.2454928,ГУ ЖКГ МР МК,клен 2 діам. 20-25 см,2,,,0,,,м. Кропивницький вздовж русла річки Інгул
"№ 3662
 від 02.04.18",м. Кропивницький вздовж русла річки Інгул (від гідротехнічної споруди КП «Теплоенергетик» до пішохідного мосту по вул. Київській),48.529222499999996,32.2454928,ГУ ЖКГ МР МК,клен діам. 15-25 см,19,,,0,,,м. Кропивницький вздовж русла річки Інгул
"№ 3662
 від 02.04.18",м. Кропивницький вздовж русла річки Інгул (від гідротехнічної споруди КП «Теплоенергетик» до пішохідного мосту по вул. Київській),48.529222499999996,32.2454928,ГУ ЖКГ МР МК,берест діам. 28-30 см,1,,,0,,,м. Кропивницький вздовж русла річки Інгул
"№ 3662
 від 02.04.18",м. Кропивницький вздовж русла річки Інгул (від гідротехнічної споруди КП «Теплоенергетик» до пішохідного мосту по вул. Київській),48.529222499999996,32.2454928,ГУ ЖКГ МР МК,верба плакуча діам. 15-20 см,1,,,0,,,м. Кропивницький вздовж русла річки Інгул
"№ 3662
 від 02.04.18",м. Кропивницький вздовж русла річки Інгул (від гідротехнічної споруди КП «Теплоенергетик» до пішохідного мосту по вул. Київській),48.529222499999996,32.2454928,ГУ ЖКГ МР МК,верба плакуча діам. 55-60 см,1,,,0,,,м. Кропивницький вздовж русла річки Інгул
"№ 3662
 від 02.04.18",м. Кропивницький вздовж русла річки Інгул (від гідротехнічної споруди КП «Теплоенергетик» до пішохідного мосту по вул. Київській),48.529222499999996,32.2454928,ГУ ЖКГ МР МК,клен діам. 15-20 см,2,,,0,,,м. Кропивницький вздовж русла річки Інгул
"№ 3662
 від 02.04.18",м. Кропивницький вздовж русла річки Інгул (від гідротехнічної споруди КП «Теплоенергетик» до пішохідного мосту по вул. Київській),48.529222499999996,32.2454928,ГУ ЖКГ МР МК,берест 2 діам. 30-35 см,2,,,0,,,м. Кропивницький вздовж русла річки Інгул
"№ 3662
 від 02.04.18",м. Кропивницький вздовж русла річки Інгул (від гідротехнічної споруди КП «Теплоенергетик» до пішохідного мосту по вул. Київській),48.529222499999996,32.2454928,ГУ ЖКГ МР МК,верба плакуча діам. 15-20 см,2,,,0,,,м. Кропивницький вздовж русла річки Інгул
"№ 3662
 від 02.04.18",м. Кропивницький вздовж русла річки Інгул (від гідротехнічної споруди КП «Теплоенергетик» до пішохідного мосту по вул. Київській),48.529222499999996,32.2454928,ГУ ЖКГ МР МК,клен 3 діам. 35-40 см,1,,,0,,,м. Кропивницький вздовж русла річки Інгул
"№ 3662
 від 02.04.18",м. Кропивницький вздовж русла річки Інгул (від гідротехнічної споруди КП «Теплоенергетик» до пішохідного мосту по вул. Київській),48.529222499999996,32.2454928,ГУ ЖКГ МР МК,клен діам. 45-50 см,1,,,0,,,м. Кропивницький вздовж русла річки Інгул
"№ 3662
 від 02.04.18",м. Кропивницький вздовж русла річки Інгул (від гідротехнічної споруди КП «Теплоенергетик» до пішохідного мосту по вул. Київській),48.529222499999996,32.2454928,ГУ ЖКГ МР МК,клен діам. 30-35 см,1,,,0,,,м. Кропивницький вздовж русла річки Інгул
"№ 3662
 від 02.04.18",м. Кропивницький вздовж русла річки Інгул (від гідротехнічної споруди КП «Теплоенергетик» до пішохідного мосту по вул. Київській),48.529222499999996,32.2454928,ГУ ЖКГ МР МК,берест діам. 50-55 см,3,,,0,,,м. Кропивницький вздовж русла річки Інгул
"№ 3662
 від 02.04.18",м. Кропивницький вздовж русла річки Інгул (від гідротехнічної споруди КП «Теплоенергетик» до пішохідного мосту по вул. Київській),48.529222499999996,32.2454928,ГУ ЖКГ МР МК,клен 2 діам. 25-30 см,2,,,0,,,м. Кропивницький вздовж русла річки Інгул
"№ 3662
 від 02.04.18",м. Кропивницький вздовж русла річки Інгул (від гідротехнічної споруди КП «Теплоенергетик» до пішохідного мосту по вул. Київській),48.529222499999996,32.2454928,ГУ ЖКГ МР МК,клен 3 діам. 30-35 см,1,,,0,,,м. Кропивницький вздовж русла річки Інгул
"№ 3662
 від 02.04.18",м. Кропивницький вздовж русла річки Інгул (від гідротехнічної споруди КП «Теплоенергетик» до пішохідного мосту по вул. Київській),48.529222499999996,32.2454928,ГУ ЖКГ МР МК,клен діам. 30-35 см,1,,,0,,,м. Кропивницький вздовж русла річки Інгул
"№ 3662
 від 02.04.18",м. Кропивницький вздовж русла річки Інгул (від гідротехнічної споруди КП «Теплоенергетик» до пішохідного мосту по вул. Київській),48.529222499999996,32.2454928,ГУ ЖКГ МР МК,клен 4 діам. 50-40 см,1,,,0,,,м. Кропивницький вздовж русла річки Інгул
"№ 3663
 від 02.04.18","м. Кропивницький вул. Короленка, 38 (збоку будинку)",48.536651,32.2691115,КП «ЖЕО № 1» Міської ради міста Кропивницького,клен 4 діам. 30-35 см,1,№ 933/03-01-06 від 06.04.18,,0,№ 933/03-01-06,06.04.18,"м. Кропивницький вул. Короленка, 38"
"№ 3664
 від 11.04.18","м. Кропивницький вул. Яновського, 62",48.49556870000001,32.2482075,КП «ЖЕО № 1» Міської ради міста Кропивницького,горіх діам. 40-45 см од.,1,№ 1017/03-01-06 від 17.04.18,,0,№ 1017/03-01-06,17.04.18,"м. Кропивницький вул. Яновського, 62"
"№ 3664
 від 11.04.18","м. Кропивницький вул. Полтавська, 81",48.5196046,32.2851471,КП «ЖЕО № 1» Міської ради міста Кропивницького,вишня діам. 20-25 см,1,№ 1017/03-01-06 від 17.04.18,,0,№ 1017/03-01-06,17.04.18,"м. Кропивницький вул. Полтавська, 81"
"№ 3664
 від 11.04.18","м. Кропивницький вул. Полтавська, 81",48.5196046,32.2851471,КП «ЖЕО № 1» Міської ради міста Кропивницького,слива діам. 30-35 см,1,№ 1017/03-01-06 від 17.04.18,,0,№ 1017/03-01-06,17.04.18,"м. Кропивницький вул. Полтавська, 81"
"№ 3664
 від 11.04.18","м. Кропивницький вул. Генерала Родимцева, 96",48.4979107,32.3096771,КП «ЖЕО № 1» Міської ради міста Кропивницького,тополя діам. 55-60 см,1,№ 1017/03-01-06 від 17.04.18,,0,№ 1017/03-01-06,17.04.18,"м. Кропивницький вул. Генерала Родимцева, 96"
"№ 3664
 від 11.04.18","м. Кропивницький вул. Михайлівська, 9",48.5128254,32.2778806,КП «ЖЕО № 1» Міської ради міста Кропивницького,вишня діам. 20-25 см,1,№ 1017/03-01-06 від 17.04.18,,0,№ 1017/03-01-06,17.04.18,"м. Кропивницький вул. Михайлівська, 9"
"№ 3664
 від 11.04.18","м. Кропивницький вул. Комарова, 30",48.501676,32.2437125,КП «ЖЕО № 1» Міської ради міста Кропивницького,горіх діам. 30-35 см,1,№ 1017/03-01-06 від 17.04.18,,0,№ 1017/03-01-06,17.04.18,"м. Кропивницький вул. Комарова, 30"
"№ 3664
 від 11.04.18","м. Кропивницький вул. Комарова, 13",48.5022104,32.2462457,КП «ЖЕО № 1» Міської ради міста Кропивницького,береза діам. 40-45 см,1,№ 1017/03-01-06 від 17.04.18,,0,№ 1017/03-01-06,17.04.18,"м. Кропивницький вул. Комарова, 13"
"№ 3664
 від 11.04.18","м. Кропивницький вул. Героїв України, 8",48.494739,32.2184405,КП «ЖЕО № 1» Міської ради міста Кропивницького,акація діам. 35-40 см,1,№ 1017/03-01-06 від 17.04.18,,0,№ 1017/03-01-06,17.04.18,"м. Кропивницький вул. Героїв України, 8"
"№ 3664
 від 11.04.18","м. Кропивницький вул. Юрія Коваленка, 25/19, корп. 2",48.4974611,32.202658,КП «ЖЕО № 1» Міської ради міста Кропивницького,абрикос - діам. 30-35 см,1,№ 1017/03-01-06 від 17.04.18,,0,№ 1017/03-01-06,17.04.18,"м. Кропивницький вул. Юрія Коваленка, 25/19, корп. 2"
"№ 3664
 від 11.04.18","м. Кропивницький вул. Вокзальна, 4",48.5228307,32.2583848,КП «ЖЕО № 1» Міської ради міста Кропивницького,клен діам. 55-60 см,1,№ 1017/03-01-06 від 17.04.18,,0,№ 1017/03-01-06,17.04.18,"м. Кропивницький вул. Вокзальна, 4"
"№ 3664
 від 11.04.18","м. Кропивницький пров. Ковалівський, 13",48.522848700000004,32.2570066,КП «ЖЕО № 1» Міської ради міста Кропивницького,горобина діам. 20-25 см,1,№ 1017/03-01-06 від 17.04.18,,0,№ 1017/03-01-06,17.04.18,"м. Кропивницький пров. Ковалівський, 13"
"№ 3664
 від 11.04.18","м. Кропивницький пров. Ковалівський, 13",48.522848700000004,32.2570066,КП «ЖЕО № 1» Міської ради міста Кропивницького,горіх діам. 35-40 см,1,№ 1017/03-01-06 від 17.04.18,,0,№ 1017/03-01-06,17.04.18,"м. Кропивницький пров. Ковалівський, 13"
"№ 3664
 від 11.04.18","м. Кропивницький вул. Тараса Карпи, 128",48.50397589999999,32.2776762,КП «ЖЕО № 1» Міської ради міста Кропивницького,акація діам. 35-40 см,1,№ 1017/03-01-06 від 17.04.18,,0,№ 1017/03-01-06,17.04.18,"м. Кропивницький вул. Тараса Карпи, 128"
"№ 3665
 від 11.04.18","м. Кропивницький вул. Бобринецький шлях, 109",48.480411600000004,32.2717973,КП «ЖЕО № 1» Міської ради міста Кропивницького,тополя діам. 85-95 см,3,№ 1017/03-01-06 від 17.04.18,"№ 29, 2018",1,№ 1017/03-01-06,17.04.18,"м. Кропивницький вул. Бобринецький шлях, 109"
"№ 3665
 від 11.04.18","м. Кропивницький вул. Бобринецький шлях, 109",48.480411600000004,32.2717973,КП «ЖЕО № 1» Міської ради міста Кропивницького,верба плакуча діам. 95-100 см,1,№ 1017/03-01-06 від 17.04.18,"№ 29, 2018",1,№ 1017/03-01-06,17.04.18,"м. Кропивницький вул. Бобринецький шлях, 109"
"№ 3666
 від 11.04.18","м. Кропивницький вул. Кавалерійська, 17/19",48.5140775,32.257209499999995,Кіровоградський обласний військовий комісаріат,тополя діам. 85-90 см,2,,,0,,,"м. Кропивницький вул. Кавалерійська, 17/19"
"№ 3666
 від 11.04.18","м. Кропивницький вул. Кавалерійська, 17/19",48.5140775,32.257209499999995,Кіровоградський обласний військовий комісаріат,каштан діам. 40-45 см,1,,,0,,,"м. Кропивницький вул. Кавалерійська, 17/19"
"№ 3666
 від 11.04.18","м. Кропивницький вул. Кавалерійська, 17/19",48.5140775,32.257209499999995,Кіровоградський обласний військовий комісаріат,верба плакуча діам. 50-55 см,1,,,0,,,"м. Кропивницький вул. Кавалерійська, 17/19"
"№ 3667
 від 11.04.18","м. Кропивницький вул. Короленка, 58 (на території)",48.5398588,32.2619758,Кіровоградський обласний госпіталь для ветеранів війни,сосна діам. 20-30 см,9,,,0,,,"м. Кропивницький вул. Короленка, 58"
"№ 3668
 від 11.04.18","м. Кропивницький вул. Добровольського, 1 (парк «Авіаторів»)",48.533936,32.275573,ЛАНАУ,ясен діам. 30-35 см,1,,,0,,,"м. Кропивницький вул. Добровольського, 1"
"№ 3668
 від 11.04.18","м. Кропивницький вул. Добровольського, 1 (парк «Авіаторів»)",48.533936,32.275573,ЛАНАУ,клен діам. 35-40 см,1,,,0,,,"м. Кропивницький вул. Добровольського, 1"
"№ 3668
 від 11.04.18",м. Кропивницький авіаційний загін,48.50793300000001,32.262316999999996,ЛАНАУ,клен діам. 55-60 см,1,,,0,,,м. Кропивницький авіаційний загін
"№ 3668
 від 11.04.18",м. Кропивницький авіаційний загін,48.50793300000001,32.262316999999996,ЛАНАУ,яблуня діам. 45-50 см,1,,,0,,,м. Кропивницький авіаційний загін
"№ 3668
 від 11.04.18",м. Кропивницький авіаційно-технічна база,48.533936,32.275573,ЛАНАУ,тополя діам. 50-55 мм,,,,0,,,м. Кропивницький авіаційно-технічна база
"№ 3669
 від 11.04.18","м. Кропивницький вул. Волкова, 18-а (на території закладу)",48.5058691,32.2228973,ДНЗ № 17 «Орлятко»,вишня діам. 20-25 см,1,,,0,,,"м. Кропивницький вул. Волкова, 18-а"
"№ 3670
 від 11.04.18","м. Кропивницький вул. Шевченка, 41-а ДНЗ № 2 «Ятранчик»",48.51133610000001,32.2723703,МЧС Міської ради,ялина діам. 20-25 см,1,,,0,,,"м. Кропивницький вул. Шевченка, 41-а ДНЗ № 2 «Ятранчик»"
"№ 3670
 від 11.04.18","м. Кропивницький вул. Комарова, 60 ДНЗ № 22 «Оленка»",48.4938096,32.2365901,МЧС Міської ради,черешня діам. 25-30 см,1,,,0,,,"м. Кропивницький вул. Комарова, 60 ДНЗ № 22 «Оленка»"
"№ 3670
 від 11.04.18","м. Кропивницький вул. Таврійська, 29/32 (на території КЗ НВО № 1 «Перлинка",48.50793300000001,32.262316999999996,МЧС Міської ради,акація діам. 35-40 см,1,,,0,,,"м. Кропивницький вул. Таврійська, 29/32"
"№ 3671
 від 11.04.18","м. Кропивницький вул. Велика Перспективна, 11/11, корп. 7",48.515325700000005,32.27212539999999,МЧС Міської ради,яблуня діам. 30-35 см,1,№ 1017/03-01-06 від 17.04.18,,0,№ 1017/03-01-06,17.04.18,"м. Кропивницький вул. Велика Перспективна, 11/11, корп. 7"
"№ 3672
 від 11.04.18","м. Кропивницький вул. Яновського, 54",48.4944336,32.2526664,МЧС Міської ради,тополя діам. 40-45 см,1,№ 1017/03-01-06 від 17.04.18,"№ 32, 2018",1,№ 1017/03-01-06,17.04.18,"м. Кропивницький вул. Яновського, 54"
"№ 3673
 від 11.04.18","м. Кропивницький вул. Василя Нікітіна, 23-г (біля під. № 1 та навпроти під. № 2 та № 3)",48.5273573,32.2731959,ПП «Кіровоградська компанія інвестиційного булівництва «Кіровоградінвестбуд»,тополя діам. 45-55 см,2,,,0,,,"м. Кропивницький вул. Василя Нікітіна, 23-г"
"№ 3674
 від 11.04.18","м. Кропивницький вул. Комарова, 11 (на території НЗ № 52 «Казковий»)",48.5031014,32.247021000000004,Управління освіти Міської ради,тополя діам. 60-65 см,1,,,0,,,"м. Кропивницький вул. Комарова, 11"
"№ 3674
 від 11.04.18","м. Кропивницький вул. Комарова, 11 (на території НЗ № 52 «Казковий»)",48.5031014,32.247021000000004,Управління освіти Міської ради,клен діам. 50-55 см,2,,,0,,,"м. Кропивницький вул. Комарова, 11"
"№ 3674
 від 11.04.18","м. Кропивницький вул. Комарова, 11 (на території НЗ № 52 «Казковий»)",48.5031014,32.247021000000004,Управління освіти Міської ради,клен 2 діам. 70-75 см,1,,,0,,,"м. Кропивницький вул. Комарова, 11"
"№ 3674
 від 11.04.18","м. Кропивницький вул. Комарова, 11 (на території НЗ № 52 «Казковий»)",48.5031014,32.247021000000004,Управління освіти Міської ради,абрикос 2 діам. 20-25 см,1,,,0,,,"м. Кропивницький вул. Комарова, 11"
"№ 3674
 від 11.04.18","м. Кропивницький вул. Комарова, 11 (на території НЗ № 52 «Казковий»)",48.5031014,32.247021000000004,Управління освіти Міської ради,абрикос діам. 35-40 см,1,,,0,,,"м. Кропивницький вул. Комарова, 11"
"№ 3674
 від 11.04.18","м. Кропивницький вул. Комарова, 11 (на території НЗ № 52 «Казковий»)",48.5031014,32.247021000000004,Управління освіти Міської ради,берест діам. 15-20 см,1,,,0,,,"м. Кропивницький вул. Комарова, 11"
"№ 3674
 від 11.04.18","м. Кропивницький вул. Комарова, 11 (на території НЗ № 52 «Казковий»)",48.5031014,32.247021000000004,Управління освіти Міської ради,горобина діам. 30-35 см,1,,,0,,,"м. Кропивницький вул. Комарова, 11"
"№ 3674
 від 11.04.18","м. Кропивницький вул. Комарова, 11 (на території НЗ № 52 «Казковий»)",48.5031014,32.247021000000004,Управління освіти Міської ради,яблуня діам. 15-20 см,1,,,0,,,"м. Кропивницький вул. Комарова, 11"
"№ 3675
 від 11.04.18","м. Кропивницький вул. Волкова, 3-в",48.500134,32.219188,ПП «Інтелтех-Л А»,горіх діам. діам. 30-35 см,1,,,0,,,"м. Кропивницький вул. Волкова, 3-в"
"№ 3675
 від 11.04.18","м. Кропивницький вул. Волкова, 3-в",48.500134,32.219188,ПП «Інтелтех-Л А»,акація діам. 60-65 см,1,,,0,,,"м. Кропивницький вул. Волкова, 3-в"
"№ 3675
 від 11.04.18","м. Кропивницький вул. Волкова, 3-в",48.500134,32.219188,ПП «Інтелтех-Л А»,клен діам. 60-65 см,1,,,0,,,"м. Кропивницький вул. Волкова, 3-в"
"№ 3675
 від 11.04.18","м. Кропивницький вул. Волкова, 3-в",48.500134,32.219188,ПП «Інтелтех-Л А»,берест 3 діам. 25-30 см,1,,,0,,,"м. Кропивницький вул. Волкова, 3-в"
"№ 3675
 від 11.04.18","м. Кропивницький вул. Волкова, 3-в",48.500134,32.219188,ПП «Інтелтех-Л А»,берест діам. 20-25 см,1,,,0,,,"м. Кропивницький вул. Волкова, 3-в"
"№ 3675
 від 11.04.18","м. Кропивницький вул. Волкова, 3-в",48.500134,32.219188,ПП «Інтелтех-Л А»,верба плакуча діам. 40-45 см,1,,,0,,,"м. Кропивницький вул. Волкова, 3-в"
"№ 3675
 від 11.04.18","м. Кропивницький вул. Волкова, 3-в",48.500134,32.219188,ПП «Інтелтех-Л А»,верба плакуча діам. 60-65 см,1,,,0,,,"м. Кропивницький вул. Волкова, 3-в"
"№ 3675
 від 11.04.18","м. Кропивницький вул. Волкова, 3-в",48.500134,32.219188,ПП «Інтелтех-Л А»,верба плакуча діам. 55-60 см,1,,,0,,,"м. Кропивницький вул. Волкова, 3-в"
"№ 3675
 від 11.04.18","м. Кропивницький вул. Волкова, 3-в",48.500134,32.219188,ПП «Інтелтех-Л А»,клен діам. 20-25 см,1,,,0,,,"м. Кропивницький вул. Волкова, 3-в"
"№ 3675
 від 11.04.18","м. Кропивницький вул. Волкова, 3-в",48.500134,32.219188,ПП «Інтелтех-Л А»,горіх 2 діам. 25-30 см,1,,,0,,,"м. Кропивницький вул. Волкова, 3-в"
"№ 3676
 від 11.04.18","м. Кропивницький вул. Курганна, 2-а (на території)",48.493265799999996,32.2390575,ДНЗ № 65 «Лукомор'я»,акація діам. 40-45 см,1,,,0,,,"м. Кропивницький вул. Курганна, 2-а"
"№ 3676
 від 11.04.18","м. Кропивницький вул. Курганна, 2-а (на території)",48.493265799999996,32.2390575,ДНЗ № 65 «Лукомор'я»,тополя діам. 60-65 см,1,,,0,,,"м. Кропивницький вул. Курганна, 2-а"
"№ 3676
 від 11.04.18","м. Кропивницький вул. Курганна, 2-а (на території)",48.493265799999996,32.2390575,ДНЗ № 65 «Лукомор'я»,абрикос діам. 20-25 см,1,,,0,,,"м. Кропивницький вул. Курганна, 2-а"
"№ 3676
 від 11.04.18","м. Кропивницький вул. Курганна, 2-а (на території)",48.493265799999996,32.2390575,ДНЗ № 65 «Лукомор'я»,черешня діам. 20-25 см,1,,,0,,,"м. Кропивницький вул. Курганна, 2-а"
"№ 3676
 від 11.04.18","м. Кропивницький вул. Курганна, 2-а (на території)",48.493265799999996,32.2390575,ДНЗ № 65 «Лукомор'я»,горобина діам. 20-25 см,1,,,0,,,"м. Кропивницький вул. Курганна, 2-а"
"№ 3677
 від 11.04.18","м. Кропивницький вул. Яновського, 62-а (на території)",48.49556870000001,32.2482075,ДНЗ № 70 «Оленка»,груша діам. 20-25 см,1,,,0,,,"м. Кропивницький вул. Яновського, 62-а"
"№ 3677
 від 11.04.18","м. Кропивницький вул. Яновського, 62-а (на території)",48.49556870000001,32.2482075,ДНЗ № 70 «Оленка»,черешня діам. 30-35 см,1,,,0,,,"м. Кропивницький вул. Яновського, 62-а"
"№ 3677
 від 11.04.18","м. Кропивницький вул. Яновського, 62-а (на території)",48.49556870000001,32.2482075,ДНЗ № 70 «Оленка»,черемха діам. 25-30 см,1,,,0,,,"м. Кропивницький вул. Яновського, 62-а"
"№ 3677
 від 11.04.18","м. Кропивницький вул. Яновського, 62-а (на території)",48.49556870000001,32.2482075,ДНЗ № 70 «Оленка»,клен діам. 50-55 см,1,,,0,,,"м. Кропивницький вул. Яновського, 62-а"
"№ 3677
 від 11.04.18","м. Кропивницький вул. Яновського, 62-а (на території)",48.49556870000001,32.2482075,ДНЗ № 70 «Оленка»,абрикос діам. 35-40 см,1,,,0,,,"м. Кропивницький вул. Яновського, 62-а"
"№ 3677
 від 11.04.18","м. Кропивницький вул. Яновського, 62-а (на території)",48.49556870000001,32.2482075,ДНЗ № 70 «Оленка»,слива діам. 20-25 см,1,,,0,,,"м. Кропивницький вул. Яновського, 62-а"
"№ 3677
 від 11.04.18","м. Кропивницький вул. Яновського, 62-а (на території)",48.49556870000001,32.2482075,ДНЗ № 70 «Оленка»,абрикос діам. 25-30 см,1,,,0,,,"м. Кропивницький вул. Яновського, 62-а"
"№ 3678
 від 11.04.18","м. Кропивницький вул. Херсонська, 115/6",48.4870375,32.2893895,гр. Григорвш А.С.,акація діам. 50-65,3,№ 1017/03-01-06 від 17.04.18,"№ 29, 2018",1,№ 1017/03-01-06,17.04.18,"м. Кропивницький вул. Херсонська, 115/6"
"№ 3679
 від 11.04.18","м. Кропивницький вул. Тараса Карпи, 76",48.5077631,32.2684527,Кіровоградське обласне управління лісового та мисливського господарства,ялина діам. 20-25 см,1,,,0,,,"м. Кропивницький вул. Тараса Карпи, 76"
"№ 3680
 від 11.04.18","м. Кропивницький вул. Преображенська, 103 (на території ДНЗ «Перлинка»)",48.498047,32.287733100000004,Управління освіти Міської ради,акація діам. 70-80 см,3,,,0,,,"м. Кропивницький вул. Преображенська, 103"
"№ 3681
 від 17.04.18","м. Кропивницький вул. Андріївська, навпроти ТОВ «Енерогобудпроект»",48.5068565,32.245797700000004,Управління освіти Міської ради,тополя,1,№ 1017/03-01-06 від 17.04.18,"№ 32, 2018",1,№ 1017/03-01-06,17.04.18,"м. Кропивницький вул. Андріївська, навпроти ТОВ «Енерогобудпроект»"
"№ 3682
 від 17.04.18","м. Кропивницький вул. Героїв України, 14, корп. 1 (позаду будинку)",48.50793300000001,32.262316999999996,КП «Благоустрій» МРМК»,абрикос діам. 20-25 см,1,№ 1050/03-01-06 від 20.04.18,"№ 32, 2018",1,№ 1050/03-01-06,20.04.18,"м. Кропивницький вул. Героїв України, 14, корп. 1"
"№ 3683
 від 17.04.18","м. Кропивницький вул. Євгена Тельнова, 11/31 (позаду під'їзду № 4)",48.5033174,32.227592699999995,КП «ЖЕО № 3» Міської ради міста Кропивницького,абрикос діам. 25-30 см,3,№ 1050/03-01-06 від 20.04.18,"№ 32, 2018",1,№ 1050/03-01-06,20.04.18,"м. Кропивницький вул. Євгена Тельнова, 11/31"
"№ 3684
 від 17.04.18","м. Кропивницький вул. Академіка Тамма, 4-а",48.499674,32.2368108,ДНЗ № 63,акація 2 діам. 50-55 см,1,,,0,,,"м. Кропивницький вул. Академіка Тамма, 4-а"
"№ 3684
 від 17.04.18","м. Кропивницький вул. Академіка Тамма, 4-а",48.499674,32.2368108,ДНЗ № 63,горіх діам. 50-55 см,1,,,0,,,"м. Кропивницький вул. Академіка Тамма, 4-а"
"№ 3684
 від 17.04.18","м. Кропивницький вул. Академіка Тамма, 4-а",48.499674,32.2368108,ДНЗ № 63,клен діам. 40-45 см,1,,,0,,,"м. Кропивницький вул. Академіка Тамма, 4-а"
"№ 3685
 від 17.04.18","м. Кропивницький просп. Університетський, 27",48.505514700000006,32.201877,ДНЗ № 63,абрикос діам.,1,№ 1050/03-01-06 від 20.04.18,"№ 32, 2018",1,№ 1050/03-01-06,20.04.18,"м. Кропивницький просп. Університетський, 27"
"№ 3685
 від 17.04.18","м. Кропивницький просп. Університетський, 27",48.505514700000006,32.201877,ДНЗ № 63,верба плакуча -,1,№ 1050/03-01-06 від 20.04.18,"№ 32, 2018",1,№ 1050/03-01-06,20.04.18,"м. Кропивницький просп. Університетський, 27"
"№ 3685
 від 17.04.18","м. Кропивницький просп. Університетський, 29",48.50577029999999,32.2014072,ДНЗ № 63,дуб,1,№ 1050/03-01-06 від 20.04.18,"№ 32, 2018",1,№ 1050/03-01-06,20.04.18,"м. Кропивницький просп. Університетський, 29"
"№ 3686
 від 17.04.18","м. Кропивницький вул. Архітектора Паученка, 66",48.507921200000006,32.2737566,ОСББ «П'ятихатки 2-66»,акація діам. 30-35 см,1,№ 1050/03-01-06 від 20.04.18,,0,№ 1050/03-01-06,20.04.18,"м. Кропивницький вул. Архітектора Паученка, 66"
"№ 3686
 від 17.04.18","м. Кропивницький вул. Архітектора Паученка, 66",48.507921200000006,32.2737566,ОСББ «П'ятихатки 2-66»,яблуня діам. 20-25 см,3,№ 1050/03-01-06 від 20.04.18,,0,№ 1050/03-01-06,20.04.18,"м. Кропивницький вул. Архітектора Паученка, 66"
"№ 3686
 від 17.04.18","м. Кропивницький вул. Архітектора Паученка, 66",48.507921200000006,32.2737566,ОСББ «П'ятихатки 2-66»,клен 2 діам. 30-35 см,1,№ 1050/03-01-06 від 20.04.18,,0,№ 1050/03-01-06,20.04.18,"м. Кропивницький вул. Архітектора Паученка, 66"
"№ 3686
 від 17.04.18","м. Кропивницький вул. Архітектора Паученка, 66",48.507921200000006,32.2737566,ОСББ «П'ятихатки 2-66»,яблуня діам. 20-25 см,1,№ 1050/03-01-06 від 20.04.18,,0,№ 1050/03-01-06,20.04.18,"м. Кропивницький вул. Архітектора Паученка, 66"
"№ 3686
 від 17.04.18","м. Кропивницький вул. Архітектора Паученка, 66",48.507921200000006,32.2737566,ОСББ «П'ятихатки 2-66»,шовковиця діам. 30-35 см,1,№ 1050/03-01-06 від 20.04.18,,0,№ 1050/03-01-06,20.04.18,"м. Кропивницький вул. Архітектора Паученка, 66"
"№ 3687
 від 17.04.18","м. Кропивницький вул. Арсенія Тарковського, уздовж дороги біля будинку № 76",48.509909,32.272133000000004,гр. Владимирська А.М.,клен діам. 60-65 см,1,№ 1050/03-01-06 від 20.04.18,"№ 29, 2018",1,№ 1050/03-01-06,20.04.18,"м. Кропивницький вул. Арсенія Тарковського, уздовж дороги біля будинку № 76"
"№ 3688
 від 17.04.18","м. Кропивницький вул. Вокзальна, 18, корп. 2",48.51835450000001,32.253984100000004,деп. Розгачов Р.О.,горобина діам. 20-25 см,1,№ 1050/03-01-06 від 20.04.18,"№ 32, 2018",1,№ 1050/03-01-06,20.04.18,"м. Кропивницький вул. Вокзальна, 18, корп. 2"
"№ 3688
 від 17.04.18","м. Кропивницький вул. Вокзальна, 28",48.5156196,32.249782399999994,деп. Розгачов Р.О.,верба плакуча діам. 75-80 см,1,№ 1050/03-01-06 від 20.04.18,"№ 32, 2018",1,№ 1050/03-01-06,20.04.18,"м. Кропивницький вул. Вокзальна, 28"
"№ 3689
 від 17.04.18","м. Кропивницький вул. Добровольського, 11",48.53681539999999,32.2705331,КП «Благоустрій» МРМК»,береза діам. 20-25 см,1,№ 1050/03-01-06 від 20.04.18,"№ 27, 2018",1,№ 1050/03-01-06,20.04.18,"м. Кропивницький вул. Добровольського, 11"
"№ 3689
 від 17.04.18","м. Кропивницький вул. Добровольського, 18",48.5379533,32.271071899999995,КП «Благоустрій» МРМК»,берест діам. 25-30 см,1,№ 1050/03-01-06 від 20.04.18,"№ 27, 2018",1,№ 1050/03-01-06,20.04.18,"м. Кропивницький вул. Добровольського, 18"
"№ 3689
 від 17.04.18",м. Кропивницький сквер «Слави»,48.501529999999995,32.23772,КП «Благоустрій» МРМК»,береза діам. 15-20 см,1,№ 1050/03-01-06 від 20.04.18,"№ 27, 2018",1,№ 1050/03-01-06,20.04.18,м. Кропивницький сквер «Слави»
"№ 3689
 від 17.04.18",м. Кропивницький сквер «Слави»,48.501529999999995,32.23772,КП «Благоустрій» МРМК»,тополя діам. 25-30 см,1,№ 1050/03-01-06 від 20.04.18,"№ 27, 2018",1,№ 1050/03-01-06,20.04.18,м. Кропивницький сквер «Слави»
"№ 3689
 від 17.04.18","м. Кропивницький вул. Карабінерна, 30",48.5071059,32.2762348,КП «Благоустрій» МРМК»,акація діам. 30-35 см,1,№ 1050/03-01-06 від 20.04.18,"№ 27, 2018",1,№ 1050/03-01-06,20.04.18,"м. Кропивницький вул. Карабінерна, 30"
"№ 3689
 від 17.04.18","м. Кропивницький вул. Карабінерна, 30",48.5071059,32.2762348,КП «Благоустрій» МРМК»,липа діам. 25-30 см,1,№ 1050/03-01-06 від 20.04.18,"№ 27, 2018",1,№ 1050/03-01-06,20.04.18,"м. Кропивницький вул. Карабінерна, 30"
"№ 3689
 від 17.04.18","м. Кропивницький вул. Віктора Чміленка, 71",48.5084563,32.2695942,КП «Благоустрій» МРМК»,липа діам. 20-25 см,2,№ 1050/03-01-06 від 20.04.18,"№ 27, 2018",1,№ 1050/03-01-06,20.04.18,"м. Кропивницький вул. Віктора Чміленка, 71"
"№ 3689
 від 17.04.18","м. Кропивницький вул. Вокзальна, 28",48.5156196,32.249782399999994,КП «Благоустрій» МРМК»,"тополя діам. 30-,5 см",1,№ 1050/03-01-06 від 20.04.18,"№ 27, 2018",1,№ 1050/03-01-06,20.04.18,"м. Кропивницький вул. Вокзальна, 28"
"№ 3689
 від 17.04.18","м. Кропивницький вул. Преображенська, 8",48.50709459999999,32.264205,КП «Благоустрій» МРМК»,ялина діам. 15-20 см,1,№ 1050/03-01-06 від 20.04.18,"№ 27, 2018",1,№ 1050/03-01-06,20.04.18,"м. Кропивницький вул. Преображенська, 8"
"№ 3689
 від 17.04.18","м. Кропивницький вул. Тараса Карпи, між № 60 та 62",48.507276700000006,32.2700033,КП «Благоустрій» МРМК»,клен діам. 40-45 см,1,№ 1050/03-01-06 від 20.04.18,"№ 27, 2018",1,№ 1050/03-01-06,20.04.18,"м. Кропивницький вул. Тараса Карпи, між № 60 та 62"
"№ 3689
 від 17.04.18","м. Кропивницький вул. Юрія Олефіренка, 14-а",48.5170099,32.2568124,КП «Благоустрій» МРМК»,черешня діам. 35-40 см,1,№ 1050/03-01-06 від 20.04.18,"№ 27, 2018",1,№ 1050/03-01-06,20.04.18,"м. Кропивницький вул. Юрія Олефіренка, 14-а"
"№ 3689
 від 17.04.18","м. Кропивницький вул. Короленка, 40",48.53721119999999,32.2681574,КП «Благоустрій» МРМК»,акація діам. 45-50 см,1,№ 1050/03-01-06 від 20.04.18,"№ 27, 2018",1,№ 1050/03-01-06,20.04.18,"м. Кропивницький вул. Короленка, 40"
"№ 3689
 від 17.04.18","м. Кропивницький вул. Гоголя, 85",48.50886999999999,32.26361,КП «Благоустрій» МРМК»,бузок (кущ),1,№ 1050/03-01-06 від 20.04.18,"№ 27, 2018",1,№ 1050/03-01-06,20.04.18,"м. Кропивницький вул. Гоголя, 85"
"№ 3690
 від 25.04.18","м. Кропивницький вул. Миру, 17-а",48.525506799999995,32.274931699999996,КП «ЖЕО № 1» Міської ради міста Кропивницького,верба плакуча діам. 60-65 см,1,№ 1357/03-01-06 від 22.05.18,"№ 34, 2018",1,№ 1357/03-01-06,22.05.18,"м. Кропивницький вул. Миру, 17-а"
"№ 3690
 від 25.04.18","м. Кропивницький вул. Миру, 17-а",48.525506799999995,32.274931699999996,КП «ЖЕО № 1» Міської ради міста Кропивницького,берест діам. 20-25 см,1,№ 1357/03-01-06 від 22.05.18,"№ 34, 2018",1,№ 1357/03-01-06,22.05.18,"м. Кропивницький вул. Миру, 17-а"
"№ 3691
 від 25.04.18","м. Кропивницький вул. Гоголя, 122-а (у дворі)",48.504129,32.2742342,КП «ЖЕО № 3» Міської ради міста Кропивницького,шовковиця діам. 50-55 см,1,№ 1357/03-01-06 від 22.05.18,"№ 32, 2018",1,№ 1357/03-01-06,22.05.18,"м. Кропивницький вул. Гоголя, 122-а"
"№ 3692
 від 25.04.18","м. Кропивницький вул. Островського, 2, корп. 2 (з боку
 вул. Островського)",48.50826319999999,32.2599978,ПП Шмідт В.В.,тополя діам. 30-45 см,3,,,0,,,"м. Кропивницький вул. Островського, 2, корп. 2"
"№ 3693
 від 25.04.18","м. Кропивницький вул. Лінія, 10, буд. 56",48.50793300000001,32.262316999999996,КП «ЖЕК № 9» Міської ради міста Кропивницького,черешня 2 діам. 30-35 см,1,№ 1357/03-01-06 від 22.05.18,,0,№ 1357/03-01-06,22.05.18,"м. Кропивницький вул. Лінія, 10, буд. 56"
"№ 3693
 від 25.04.18","м. Кропивницький вул. Лінія, 1, буд. 3",48.50793300000001,32.262316999999996,КП «ЖЕК № 9» Міської ради міста Кропивницького,горіх діам. 35-40 см,1,№ 1357/03-01-06 від 22.05.18,,0,№ 1357/03-01-06,22.05.18,"м. Кропивницький вул. Лінія, 1, буд. 3"
"№ 3693
 від 25.04.18","м. Кропивницький вул. Лінія, 9, буд. 41",48.50793300000001,32.262316999999996,КП «ЖЕК № 9» Міської ради міста Кропивницького,горіх діам. 30-35 см,1,№ 1357/03-01-06 від 22.05.18,,0,№ 1357/03-01-06,22.05.18,"м. Кропивницький вул. Лінія, 9, буд. 41"
"№ 3694
 від 25.04.18","м. Кропивницький вул. Вокзальна, 4 (уздовж дороги)",48.5228307,32.2583848,КП «Благоустрій» МРМК»,акація діам. 80-85 см,1,№ 1357/03-01-06 від 22.05.18,,0,№ 1357/03-01-06,22.05.18,"м. Кропивницький вул. Вокзальна, 4"
"№ 3695
 від 25.04.18","м. Кропивницький вул. Віктора Чміленка, 94 (уздовж дороги)",48.508371399999994,32.2690317,КП «Благоустрій» МРМК»,клен діам. 60-65 см,1,№ 1357/03-01-06 від 22.05.18,,0,№ 1357/03-01-06,22.05.18,"м. Кропивницький вул. Віктора Чміленка, 94"
"№ 3696
 від 04.05.18","м. Кропивницький вул. Київська, уздовж дороги біля буд. № 5",48.50793300000001,32.262316999999996,КП «Благоустрій» МРМК»,тополя діам. 30-35 см,1,,,0,,,"м. Кропивницький вул. Київська, уздовж дороги біля буд. № 5"
"№ 3696
 від 04.05.18","м. Кропивницький вул. Київська, уздовж дороги біля буд. № 7",48.50793300000001,32.262316999999996,КП «Благоустрій» МРМК»,тополя діам. 30-35 см,1,,,0,,,"м. Кропивницький вул. Київська, уздовж дороги біля буд. № 7"
"№ 3696
 від 04.05.18","м. Кропивницький вул. Київська, уздовж дороги біля буд. № 10",50.4501,30.5234,КП «Благоустрій» МРМК»,клен діам. 30-35 см,1,,,0,,,"м. Кропивницький вул. Київська, уздовж дороги біля буд. № 10"
"№ 3696
 від 04.05.18","м. Кропивницький вул. Київська, уздовж дороги біля буд. № 10",50.4501,30.5234,КП «Благоустрій» МРМК»,акація діам. 50-55 см,1,,,0,,,"м. Кропивницький вул. Київська, уздовж дороги біля буд. № 10"
"№ 3696
 від 04.05.18","м. Кропивницький вул. Київська, уздовж дороги біля буд. № 11/3",48.50793300000001,32.262316999999996,КП «Благоустрій» МРМК»,тополя діам. 30-35 см,2,,,0,,,"м. Кропивницький вул. Київська, уздовж дороги біля буд. № 11/3"
"№ 3696
 від 04.05.18","м. Кропивницький вул. Київська, уздовж дороги біля буд. № 12",48.50793300000001,32.262316999999996,КП «Благоустрій» МРМК»,липа діам. 30-35 см,1,,,0,,,"м. Кропивницький вул. Київська, уздовж дороги біля буд. № 12"
"№ 3696
 від 04.05.18","м. Кропивницький вул. Київська, навпроти входу до коледжу",48.50793300000001,32.262316999999996,КП «Благоустрій» МРМК»,акація діам. 55-60 см,1,,,0,,,"м. Кропивницький вул. Київська, навпроти входу до коледжу"
"№ 3696
 від 04.05.18","м. Кропивницький вул. Київська, уздовж дороги біля буд. № 18",48.50793300000001,32.262316999999996,КП «Благоустрій» МРМК»,клен діам. 45-50 см,1,,,0,,,"м. Кропивницький вул. Київська, уздовж дороги біля буд. № 18"
"№ 3696
 від 04.05.18","м. Кропивницький вул. Київська, уздовж дороги біля буд. № 28",48.50793300000001,32.262316999999996,КП «Благоустрій» МРМК»,акація діам. 50-55 см,1,,,0,,,"м. Кропивницький вул. Київська, уздовж дороги біля буд. № 28"
"№ 3696
 від 04.05.18","м. Кропивницький вул. Київська, уздовж дороги біля буд. № 32",48.50793300000001,32.262316999999996,КП «Благоустрій» МРМК»,акація діам. 55-60 см,2,,,0,,,"м. Кропивницький вул. Київська, уздовж дороги біля буд. № 32"
"№ 3696
 від 04.05.18","м. Кропивницький вул. Київська, уздовж дороги біля буд. № 34",48.50793300000001,32.262316999999996,КП «Благоустрій» МРМК»,акація діам. 60-65 см,1,,,0,,,"м. Кропивницький вул. Київська, уздовж дороги біля буд. № 34"
"№ 3696
 від 04.05.18","м. Кропивницький вул. Київська, уздовж дороги біля буд. № 36",48.50793300000001,32.262316999999996,КП «Благоустрій» МРМК»,клен діам. 20-25 см,1,,,0,,,"м. Кропивницький вул. Київська, уздовж дороги біля буд. № 36"
"№ 3696
 від 04.05.18","м. Кропивницький вул. Київська, уздовж дороги біля буд. № 42",48.50793300000001,32.262316999999996,КП «Благоустрій» МРМК»,"акація, діам. 30-35 см",2,,,0,,,"м. Кропивницький вул. Київська, уздовж дороги біля буд. № 42"
"№ 3696
 від 04.05.18","м. Кропивницький вул. Київська, уздовж дороги біля буд. № 47",48.50793300000001,32.262316999999996,КП «Благоустрій» МРМК»,клен діам. 35-40 см,1,,,0,,,"м. Кропивницький вул. Київська, уздовж дороги біля буд. № 47"
"№ 3696
 від 04.05.18","м. Кропивницький вул. Київська, уздовж дороги біля буд. № 49",48.50793300000001,32.262316999999996,КП «Благоустрій» МРМК»,клен діам. 35-40 см,1,,,0,,,"м. Кропивницький вул. Київська, уздовж дороги біля буд. № 49"
"№ 3696
 від 04.05.18","м. Кропивницький вул. Київська, уздовж дороги біля буд. № 51",48.50793300000001,32.262316999999996,КП «Благоустрій» МРМК»,клен діам. 55-60 см,1,,,0,,,"м. Кропивницький вул. Київська, уздовж дороги біля буд. № 51"
"№ 3696
 від 04.05.18","м. Кропивницький вул. Київська, уздовж дороги біля буд. № 53",48.50793300000001,32.262316999999996,КП «Благоустрій» МРМК»,клен діам. 50-55 см,1,,,0,,,"м. Кропивницький вул. Київська, уздовж дороги біля буд. № 53"
"№ 3696
 від 04.05.18","м. Кропивницький вул. Київська, уздовж дороги біля буд. № 55",48.50793300000001,32.262316999999996,КП «Благоустрій» МРМК»,клен діам. 30-35 см,2,,,0,,,"м. Кропивницький вул. Київська, уздовж дороги біля буд. № 55"
"№ 3696
 від 04.05.18","м. Кропивницький вул. Київська, уздовж дороги біля буд. № 55",48.50793300000001,32.262316999999996,КП «Благоустрій» МРМК»,клен діам. 55-60 см,1,,,0,,,"м. Кропивницький вул. Київська, уздовж дороги біля буд. № 55"
"№ 3696
 від 04.05.18",м. Кропивницький уздовж дороги на розі з вул. Олени Бур'янової,48.50793300000001,32.262316999999996,КП «Благоустрій» МРМК»,акація діам. 35-40 см,2,,,0,,,м. Кропивницький уздовж дороги на розі з вул. Олени Бур'янової
"№ 3696
 від 04.05.18",м. Кропивницький уздовж дороги від мосту до вул. Кременчуцька (права сторона),48.50793300000001,32.262316999999996,КП «Благоустрій» МРМК»,клен діам. 25-35 см,7,,,0,,,м. Кропивницький уздовж дороги від мосту до вул. Кременчуцька
"№ 3696
 від 04.05.18",м. Кропивницький уздовж дороги від мосту до вул. Кременчуцька (ліва сторона),48.50793300000001,32.262316999999996,КП «Благоустрій» МРМК»,клен діам. 30-40 см,7,,,0,,,м. Кропивницький уздовж дороги від мосту до вул. Кременчуцька
"№ 3696
 від 04.05.18","м. Кропивницький вул. Київська, уздовж дороги біля буд.
 № 61/64",48.50793300000001,32.262316999999996,КП «Благоустрій» МРМК»,клен діам. 45-50 см,1,,,0,,,"м. Кропивницький вул. Київська, уздовж дороги біля буд.
 № 61/64"
"№ 3696
 від 04.05.18","м. Кропивницький вул. Київська, уздовж дороги біля буд.
 № 62",48.50793300000001,32.262316999999996,КП «Благоустрій» МРМК»,клен діам. 30-35 см,1,,,0,,,"м. Кропивницький вул. Київська, уздовж дороги біля буд.
 № 62"
"№ 3696
 від 04.05.18","м. Кропивницький вул. Київська, уздовж дороги біля буд.
 № 65",48.50793300000001,32.262316999999996,КП «Благоустрій» МРМК»,клен діам. 35-40 см,2,,,0,,,"м. Кропивницький вул. Київська, уздовж дороги біля буд.
 № 65"
"№ 3696
 від 04.05.18","м. Кропивницький вул. Київська, уздовж дороги біля буд.
 № 65/31",48.50793300000001,32.262316999999996,КП «Благоустрій» МРМК»,клен діам. 70-75 см,3,,,0,,,"м. Кропивницький вул. Київська, уздовж дороги біля буд.
 № 65/31"
"№ 3696
 від 04.05.18","м. Кропивницький вул. Київська, уздовж дороги біля буд.
 № 65/31",48.50793300000001,32.262316999999996,КП «Благоустрій» МРМК»,клен діам. 35-40 см,1,,,0,,,"м. Кропивницький вул. Київська, уздовж дороги біля буд.
 № 65/31"
"№ 3696
 від 04.05.18","м. Кропивницький вул. Київська, уздовж дороги біля буд.
 № 69",48.50793300000001,32.262316999999996,КП «Благоустрій» МРМК»,клен діам. 30-35 см,1,,,0,,,"м. Кропивницький вул. Київська, уздовж дороги біля буд.
 № 69"
"№ 3696
 від 04.05.18","м. Кропивницький вул. Київська, уздовж дороги біля буд.
 № 70",48.50793300000001,32.262316999999996,КП «Благоустрій» МРМК»,клен діам. 30-35 см,2,,,0,,,"м. Кропивницький вул. Київська, уздовж дороги біля буд.
 № 70"
"№ 3696
 від 04.05.18","м. Кропивницький вул. Київська, уздовж дороги біля буд.
 № 71",48.50793300000001,32.262316999999996,КП «Благоустрій» МРМК»,клен діам. 25-35 см,5,,,0,,,"м. Кропивницький вул. Київська, уздовж дороги біля буд.
 № 71"
"№ 3696
 від 04.05.18","м. Кропивницький вул. Київська, уздовж дороги біля буд.
 № 74/59",48.50793300000001,32.262316999999996,КП «Благоустрій» МРМК»,клен діам. 60-65 см,2,,,0,,,"м. Кропивницький вул. Київська, уздовж дороги біля буд.
 № 74/59"
"№ 3696
 від 04.05.18","м. Кропивницький вул. Київська, уздовж дороги біля буд.
 № 76",48.50793300000001,32.262316999999996,КП «Благоустрій» МРМК»,клен діам. 55-60 см,1,,,0,,,"м. Кропивницький вул. Київська, уздовж дороги біля буд.
 № 76"
"№ 3696
 від 04.05.18","м. Кропивницький вул. Київська, уздовж дороги біля буд.
 № 78",48.50793300000001,32.262316999999996,КП «Благоустрій» МРМК»,клен діам. 20-25 см,1,,,0,,,"м. Кропивницький вул. Київська, уздовж дороги біля буд.
 № 78"
"№ 3696
 від 04.05.18","м. Кропивницький вул. Київська, уздовж дороги біля буд.
 № 80",48.50793300000001,32.262316999999996,КП «Благоустрій» МРМК»,клен діам. 40-45 см,2,,,0,,,"м. Кропивницький вул. Київська, уздовж дороги біля буд.
 № 80"
"№ 3696
 від 04.05.18","м. Кропивницький вул. Київська, уздовж дороги біля буд.
 № 82",48.50793300000001,32.262316999999996,КП «Благоустрій» МРМК»,клен діам. 55-65 см,3,,,0,,,"м. Кропивницький вул. Київська, уздовж дороги біля буд.
 № 82"
"№ 3696
 від 04.05.18","м. Кропивницький вул. Київська, уздовж дороги біля буд.
 № 83",48.50793300000001,32.262316999999996,КП «Благоустрій» МРМК»,клен діам. 50-55 см,1,,,0,,,"м. Кропивницький вул. Київська, уздовж дороги біля буд.
 № 83"
"№ 3696
 від 04.05.18","м. Кропивницький вул. Київська, уздовж дороги біля буд.
 № 84",48.50793300000001,32.262316999999996,КП «Благоустрій» МРМК»,клен діам. 35-45 см,4,,,0,,,"м. Кропивницький вул. Київська, уздовж дороги біля буд.
 № 84"
"№ 3696
 від 04.05.18","м. Кропивницький вул. Київська, уздовж дороги біля буд.
 № 85",48.50793300000001,32.262316999999996,КП «Благоустрій» МРМК»,клен діам. 60-65 см,1,,,0,,,"м. Кропивницький вул. Київська, уздовж дороги біля буд.
 № 85"
"№ 3696
 від 04.05.18","м. Кропивницький вул. Київська, уздовж дороги біля буд.
 № 85-а",48.50793300000001,32.262316999999996,КП «Благоустрій» МРМК»,клен діам. 60-65 см,1,,,0,,,"м. Кропивницький вул. Київська, уздовж дороги біля буд.
 № 85-а"
"№ 3696
 від 04.05.18","м. Кропивницький вул. Київська, уздовж дороги біля буд.
 № 89/43",48.50793300000001,32.262316999999996,КП «Благоустрій» МРМК»,акація діам. 80-85 см,1,,,0,,,"м. Кропивницький вул. Київська, уздовж дороги біля буд.
 № 89/43"
"№ 3696
 від 04.05.18","м. Кропивницький вул. Київська, уздовж дороги біля буд.
 № 92 та № 94",48.50793300000001,32.262316999999996,КП «Благоустрій» МРМК»,клен діам. 35-45 см,3,,,0,,,"м. Кропивницький вул. Київська, уздовж дороги біля буд.
 № 92 та № 94"
"№ 3696
 від 04.05.18","м. Кропивницький вул. Київська, уздовж дороги біля буд.
 № 96",48.50793300000001,32.262316999999996,КП «Благоустрій» МРМК»,клен діам. 25-30 см,1,,,0,,,"м. Кропивницький вул. Київська, уздовж дороги біля буд.
 № 96"
"№ 3696
 від 04.05.18","м. Кропивницький вул. Київська, уздовж дороги біля буд.
 № 100",48.50793300000001,32.262316999999996,КП «Благоустрій» МРМК»,клен діам. 30-40 см,2,,,0,,,"м. Кропивницький вул. Київська, уздовж дороги біля буд.
 № 100"
"№ 3696
 від 04.05.18","м. Кропивницький вул. Київська, уздовж дороги біля буд.
 № 102/48",48.50793300000001,32.262316999999996,КП «Благоустрій» МРМК»,клен діам. 50-55 см,1,,,0,,,"м. Кропивницький вул. Київська, уздовж дороги біля буд.
 № 102/48"
"№ 3696
 від 04.05.18","м. Кропивницький вул. Київська, уздовж дороги біля буд.
 № 108",48.50793300000001,32.262316999999996,КП «Благоустрій» МРМК»,клен діам. 20-30 см,3,,,0,,,"м. Кропивницький вул. Київська, уздовж дороги біля буд.
 № 108"
"№ 3696
 від 04.05.18","м. Кропивницький вул. Київська, уздовж дороги біля буд.
 № 108",48.50793300000001,32.262316999999996,КП «Благоустрій» МРМК»,клен діам. 35-45 см,2,,,0,,,"м. Кропивницький вул. Київська, уздовж дороги біля буд.
 № 108"
"№ 3696
 від 04.05.18","м. Кропивницький вул. Київська, уздовж дороги біля буд.
 № 110",48.50793300000001,32.262316999999996,КП «Благоустрій» МРМК»,клен діам. 60-65 см,1,,,0,,,"м. Кропивницький вул. Київська, уздовж дороги біля буд.
 № 110"
"№ 3696
 від 04.05.18","м. Кропивницький вул. Київська, уздовж дороги біля буд.
 № 112",48.50793300000001,32.262316999999996,КП «Благоустрій» МРМК»,клен діам. 35-40 см,1,,,0,,,"м. Кропивницький вул. Київська, уздовж дороги біля буд.
 № 112"
"№ 3696
 від 04.05.18","м. Кропивницький вул. Київська, уздовж дороги біля буд.
 № 118/57",48.50793300000001,32.262316999999996,КП «Благоустрій» МРМК»,клен діам. 60-65 см,1,,,0,,,"м. Кропивницький вул. Київська, уздовж дороги біля буд.
 № 118/57"
"№ 3697
 від 04.05.18","м. Кропивницький вул. Яновського, 60 (на території Кіровоградської міської станції юних техніків)",48.49533579999999,32.249159999999996,Управління освіти Міської ради,клен діам. 60-65 см,1,,,0,,,"м. Кропивницький вул. Яновського, 60"
"№ 3698
 від 04.05.18","м. Кропивницький вул. Преображенська, 101 (на території ДНЗ № 37 «Ластівка»)",48.498486,32.2866051,Управління освіти Міської ради,верба плакуча діам. 75-80 см,1,,,0,,,"м. Кропивницький вул. Преображенська, 101"
"№ 3699
 від 04.05.18","м. Кропивницький вул. Бєляєва, 29, корп. 2 (під’їзд № 5)",48.5040674,32.2273828,КП «ЖЕО № 3» Міської ради міста Кропивницького,яблуня діам. 50-55 см,1,№ 1357/03-01-06 від 22.05.18,,0,№ 1357/03-01-06,22.05.18,"м. Кропивницький вул. Бєляєва, 29, корп. 2"
"№ 3670
 від 04.05.18","м. Кропивницький вул. Волкова, 28, корп. 4 (між під. № 4 та № 5)",48.4983198,32.225403299999996,КП «ЖЕО № 3» Міської ради міста Кропивницького,абрикос діам. 15-20 см,2,,,0,,,"м. Кропивницький вул. Волкова, 28, корп. 4"
"№ 3670
 від 04.05.18","м. Кропивницький вул. Волкова, 28, корп. 4 (між під. № 4 та № 5)",48.4983198,32.225403299999996,КП «ЖЕО № 3» Міської ради міста Кропивницького,яблуня діам. 10-15 см,,,,0,,,"м. Кропивницький вул. Волкова, 28, корп. 4"
"№ 3670
 від 04.05.18","м. Кропивницький вул. Волкова, 28, корп. 4 (між під. № 4 та № 5)",48.4983198,32.225403299999996,КП «ЖЕО № 3» Міської ради міста Кропивницького,груша діам. 10-15 см,1,,,0,,,"м. Кропивницький вул. Волкова, 28, корп. 4"
"№ 3701
 від 04.05.18","м. Кропивницький пров. Миргородський, 23 (навпроти під. № 1)",48.50793300000001,32.262316999999996,КП «ЖЕО № 3» Міської ради міста Кропивницького,верба плакуча діам. 95-100 см,1,№ 1357/03-01-06 від 22.05.18,,0,№ 1357/03-01-06,22.05.18,"м. Кропивницький пров. Миргородський, 23"
"№ 3702
 від 04.05.18","м. Кропивницький вул. Академіка Тамма, 5",48.499674,32.2368108,КП «ЖЕО № 3» Міської ради міста Кропивницького,горіх діам. 40-45 см,1,№ 1357/03-01-06 від 22.05.18,,0,№ 1357/03-01-06,22.05.18,"м. Кропивницький вул. Академіка Тамма, 5"
"№ 3702
 від 04.05.18","м. Кропивницький вул. Академіка Тамма, 5",48.499674,32.2368108,КП «ЖЕО № 3» Міської ради міста Кропивницького,береза діам. 15-20 см,1,№ 1357/03-01-06 від 22.05.18,,0,№ 1357/03-01-06,22.05.18,"м. Кропивницький вул. Академіка Тамма, 5"
"№ 3703
 від 04.05.18","м. Кропивницький вул. Генерала Родимцева, 85 (біля дитячого майданчика)",48.4972252,32.300791,ОСББ «Горизонт-85»,тополя діам. 80-95 см,3,№ 1357/03-01-06 від 22.05.18,,0,№ 1357/03-01-06,22.05.18,"м. Кропивницький вул. Генерала Родимцева, 85"
№ 3704 від 04.05.18,"м. Кропивницький вул. Академіка Тамма, біля будинку № 4",48.4984362,32.233952,ПП «Сервіс Кіровоград»,акація діам. 25-45 см,22,,,0,,,"м. Кропивницький вул. Академіка Тамма, біля будинку № 4"
№ 3704 від 04.05.18,"м. Кропивницький вул. Академіка Тамма, біля будинку № 4",48.4984362,32.233952,ПП «Сервіс Кіровоград»,берест діам. 20-25,2,,,0,,,"м. Кропивницький вул. Академіка Тамма, біля будинку № 4"
№ 3704 від 04.05.18,"м. Кропивницький вул. Академіка Тамма, біля будинку № 4",48.4984362,32.233952,ПП «Сервіс Кіровоград»,берест діам. 35-45 см,3,,,0,,,"м. Кропивницький вул. Академіка Тамма, біля будинку № 4"
№ 3704 від 04.05.18,"м. Кропивницький вул. Академіка Тамма, біля будинку № 4",48.4984362,32.233952,ПП «Сервіс Кіровоград»,клен діам. 30-35 см,3,,,0,,,"м. Кропивницький вул. Академіка Тамма, біля будинку № 4"
№ 3705 від 04.05.18,"м. Кропивницький вул. Січових стрільців, 1-а",48.50793300000001,32.262316999999996,гр. Коваленко Е.А.,клен діам. 80-85 см,1,,,0,,,"м. Кропивницький вул. Січових стрільців, 1-а"
№ 3706 від 04.05.18,м. Кропивницький вздовж річки Інгул (від гідротехнічної споруди КП «Теплоенергетик» до пішохідного мосту біля Ковалівського пляжу),48.529222499999996,32.2454928,ГУ ЖКГ МР МК,тополя діам. 45-50 см,1,,,0,,,м. Кропивницький вздовж річки Інгул
№ 3706 від 04.05.18,м. Кропивницький вздовж річки Інгул (від гідротехнічної споруди КП «Теплоенергетик» до пішохідного мосту біля Ковалівського пляжу),48.529222499999996,32.2454928,ГУ ЖКГ МР МК,тополя діам. 60-70 см,1,,,0,,,м. Кропивницький вздовж річки Інгул
№ 3706 від 04.05.18,м. Кропивницький вздовж річки Інгул (від гідротехнічної споруди КП «Теплоенергетик» до пішохідного мосту біля Ковалівського пляжу),48.529222499999996,32.2454928,ГУ ЖКГ МР МК,клен діам. 55-60 см,2,,,0,,,м. Кропивницький вздовж річки Інгул
№ 3706 від 04.05.18,м. Кропивницький вздовж річки Інгул (від гідротехнічної споруди КП «Теплоенергетик» до пішохідного мосту біля Ковалівського пляжу),48.529222499999996,32.2454928,ГУ ЖКГ МР МК,клен 3 діам. 55-60 см,1,,,0,,,м. Кропивницький вздовж річки Інгул
№ 3706 від 04.05.18,м. Кропивницький вздовж річки Інгул (від гідротехнічної споруди КП «Теплоенергетик» до пішохідного мосту біля Ковалівського пляжу),48.529222499999996,32.2454928,ГУ ЖКГ МР МК,клен 5 діам. 35-60 см,1,,,0,,,м. Кропивницький вздовж річки Інгул
№ 3706 від 04.05.18,м. Кропивницький вздовж річки Інгул (від гідротехнічної споруди КП «Теплоенергетик» до пішохідного мосту біля Ковалівського пляжу),48.529222499999996,32.2454928,ГУ ЖКГ МР МК,клен 3 діам. 35-60 см,1,,,0,,,м. Кропивницький вздовж річки Інгул
№ 3706 від 04.05.18,м. Кропивницький вздовж річки Інгул (від гідротехнічної споруди КП «Теплоенергетик» до пішохідного мосту біля Ковалівського пляжу),48.529222499999996,32.2454928,ГУ ЖКГ МР МК,клен 4 діам. 45-70 см,1,,,0,,,м. Кропивницький вздовж річки Інгул
№ 3706 від 04.05.18,м. Кропивницький вздовж річки Інгул (від гідротехнічної споруди КП «Теплоенергетик» до пішохідного мосту біля Ковалівського пляжу),48.529222499999996,32.2454928,ГУ ЖКГ МР МК,берест 3 діам. 45-60 см,2,,,0,,,м. Кропивницький вздовж річки Інгул
№ 3706 від 04.05.18,м. Кропивницький вздовж річки Інгул (від гідротехнічної споруди КП «Теплоенергетик» до пішохідного мосту біля Ковалівського пляжу),48.529222499999996,32.2454928,ГУ ЖКГ МР МК,берест 2 діам. 60-75 см,1,,,0,,,м. Кропивницький вздовж річки Інгул
№ 3706 від 04.05.18,м. Кропивницький вздовж річки Інгул (від гідротехнічної споруди КП «Теплоенергетик» до пішохідного мосту біля Ковалівського пляжу),48.529222499999996,32.2454928,ГУ ЖКГ МР МК,берест 2 діам. 55-75 см,2,,,0,,,м. Кропивницький вздовж річки Інгул
"№ 3707
 від 11.05.18","м. Кропивницький вул. Комарова, 3 (збоку під. № 1)",48.50793300000001,32.262316999999996,ОЖБК,клен діам. 30-35 см,1,№ 1357/03-01-06 від 22.05.18,,0,№ 1357/03-01-06,22.05.18,"м. Кропивницький вул. Комарова, 3"
"№ 3707
 від 11.05.18","м. Кропивницький вул. Комарова, 3 (збоку під. № 1)",48.50793300000001,32.262316999999996,ОЖБК,акація діам. 45-50 см,1,№ 1357/03-01-06 від 22.05.18,,0,№ 1357/03-01-06,22.05.18,"м. Кропивницький вул. Комарова, 3"
"№ 3708
 від 11.05.18","м. Кропивницький вул. Лінія, 6, 30 (ЗОШ № 22)",48.4721684,32.2814739,Управління освіти,черешня діам. 95-100 см,1,,,0,,,"м. Кропивницький вул. Лінія, 6, 30"
"№ 3709
 від 11.05.18","м. Кропивницький вул. Євгена Тельнова, 8, корп. 2 (навпроти під'їзду № 4 та № 2)",48.5026266,32.2299565,КП «ЖЕО № 3» Міської ради міста Кропивницького,черешня діам. 55-65 см,2,№ 1357/03-01-06 від 22.05.18,,0,№ 1357/03-01-06,22.05.18,"м. Кропивницький вул. Євгена Тельнова, 8, корп. 2"
"№ 3710
 від 11.05.18","м. Кропивницький вул. Преображенська, уздовж дороги, біля будинку № 58",48.5024234,32.27539960000001,гр. Краснюк А.С.,тополя діам. 85-90 см,1,№ 1357/03-01-06 від 22.05.18,,0,№ 1357/03-01-06,22.05.18,"м. Кропивницький вул. Преображенська, уздовж дороги, біля будинку № 58"
"№ 3710
 від 11.05.18","м. Кропивницький вул. Преображенська, уздовж дороги, біля будинку № 58",48.5024234,32.27539960000001,гр. Краснюк А.С.,акація діам. 65-70 см,1,№ 1357/03-01-06 від 22.05.18,,0,№ 1357/03-01-06,22.05.18,"м. Кропивницький вул. Преображенська, уздовж дороги, біля будинку № 58"
"№ 3711
 від 11.05.18","м. Кропивницький вул. Арсенія Тарковського, 68",48.5057836,32.2680152,КП «Благоустрій» МРМК»,акація діам. 65-70 см,1,№ 1357/03-01-06 від 22.05.18,,0,№ 1357/03-01-06,22.05.18,"м. Кропивницький вул. Арсенія Тарковського, 68"
"№ 3712
 від 11.05.18","м. Кропивницький вул. Шевченка, 21/27 (уздовж дороги по
 вул. Шевченка)",48.50793300000001,32.262316999999996,КП «Благоустрій» МРМК»,каштан діам. 30-35 см,1,№ 1357/03-01-06 від 22.05.18,,0,№ 1357/03-01-06,22.05.18,"м. Кропивницький вул. Шевченка, 21/27"
"№ 3712
 від 11.05.18","м. Кропивницький вул. Арсенія Тарковського, 17 (уздовж дороги)",48.513404799999996,32.275521600000005,КП «Благоустрій» МРМК»,акація діам. 85-90 см,1,№ 1357/03-01-06 від 22.05.18,,0,№ 1357/03-01-06,22.05.18,"м. Кропивницький вул. Арсенія Тарковського, 17"
"№ 3713
 від 11.05.18","м. Кропивницький вул. Михайлівська, 54 (уздовж дороги)",48.50793300000001,32.262316999999996,КП «Благоустрій» МРМК»,тополя діам. 65-70 см,1,№ 1357/03-01-06 від 22.05.18,,0,№ 1357/03-01-06,22.05.18,"м. Кропивницький вул. Михайлівська, 54"
"№ 3713
 від 11.05.18","м. Кропивницький пров. Азовський, від вул. Мінської в бік бази відпочинку «Горняк»)",48.50793300000001,32.262316999999996,КП «Благоустрій» МРМК»,тополя діам. 50-65 см,2,№ 1357/03-01-06 від 22.05.18,,0,№ 1357/03-01-06,22.05.18,"м. Кропивницький пров. Азовський, від вул. Мінської в бік бази відпочинку «Горняк»)"
"№ 3713
 від 11.05.18","м. Кропивницький пров. Азовський, від вул. Мінської в бік бази відпочинку «Горняк»)",48.50793300000001,32.262316999999996,КП «Благоустрій» МРМК»,тополя діам. 45-50 см,2,№ 1357/03-01-06 від 22.05.18,,0,№ 1357/03-01-06,22.05.18,"м. Кропивницький пров. Азовський, від вул. Мінської в бік бази відпочинку «Горняк»)"
"№ 3713
 від 11.05.18","м. Кропивницький пров. Азовський, від вул. Мінської в бік бази відпочинку «Горняк»)",48.50793300000001,32.262316999999996,КП «Благоустрій» МРМК»,тополя діам. 75-80 см,1,№ 1357/03-01-06 від 22.05.18,,0,№ 1357/03-01-06,22.05.18,"м. Кропивницький пров. Азовський, від вул. Мінської в бік бази відпочинку «Горняк»)"
"№ 3714
 від 11.05.18","м. Кропивницький вул. Карабінерна, 30/79",48.507371000000006,32.2763914,КП «ЖЕО № 2» Міської ради міста Кропивницького,тополя діам. 55-60 см,1,,,0,,,"м. Кропивницький вул. Карабінерна, 30/79"
"№ 3714
 від 11.05.18","м. Кропивницький вул. Пашутінська, 13 (біля будинку)",48.5121471,32.2720566,КП «ЖЕО № 2» Міської ради міста Кропивницького,акація діам. 50-55 см,1,,,0,,,"м. Кропивницький вул. Пашутінська, 13"
"№ 3715
 від 11.05.18","м. Кропивницький просп. Університетський, 11",48.5048555,32.2096236,КЗ «Кіровоградський музичний коледж»,береза діам. 35-40 см,2,,,0,,,"м. Кропивницький просп. Університетський, 11"
"№ 3715
 від 11.05.18","м. Кропивницький просп. Університетський, 11",48.5048555,32.2096236,КЗ «Кіровоградський музичний коледж»,горобина діам. 10-15 см,1,,,0,,,"м. Кропивницький просп. Університетський, 11"
"№ 3716
 від 11.05.18","м. Кропивницький вул. Євгена Маланюка, 4 (на території музичного коледжу)",48.518297,32.278741,КЗ «Кіровоградський музичний коледж»,береза діам. 20-25 см,1,,,0,,,"м. Кропивницький вул. Євгена Маланюка, 4"
"№ 3717
 від 11.05.18","м. Кропивницький вул. Генерала Жадова, 28, корп. 2",48.49057029999999,32.2013222,ОСББ «Гарант»,вишня діам. 20-25 см,1,,,0,,,"м. Кропивницький вул. Генерала Жадова, 28, корп. 2"
"№ 3718
 від 11.05.18","м. Кропивницький вул. Андрія Матвієнака, 21 (уздовж дороги)",48.50793300000001,32.262316999999996,гр. Василевський Є.В.,акація діам. 40-45 см,1,,,0,,,"м. Кропивницький вул. Андрія Матвієнака, 21"
"№ 3719
 від 11.05.18","м. Кропивницький вул. Дворцова, 6/7",48.5134473,32.2601912,ГУ юстиції у Кіровоградській області,каштан діам. 45-50 см,1,,,0,,,"м. Кропивницький вул. Дворцова, 6/7"
"№ 3720
 від 11.05.18","м. Кропивницький вул. Запорозька, 16/2",48.50793300000001,32.262316999999996,гр. Полонська М.Г.,абрикос діам. 30-35 см,1,,,0,,,"м. Кропивницький вул. Запорозька, 16/2"
"№ 3720
 від 11.05.18","м. Кропивницький вул. Запорозька, 16/2",48.50793300000001,32.262316999999996,гр. Полонська М.Г.,шовковиця діам. 35-40 см,1,,,0,,,"м. Кропивницький вул. Запорозька, 16/2"
"№ 3721
 від 11.05.18","м. Кропивницький вул. Академіка Тамма, 27 (на території ДНЗ № 48 «Журавушка»",48.49833830000001,32.233691500000006,МЧС Міської ради,тополя діам. 65-70 см,1,,,0,,,"м. Кропивницький вул. Академіка Тамма, 27"
"№ 3721
 від 11.05.18","м. Кропивницький вул. Академіка Тамма, 27 (на території ДНЗ № 48 «Журавушка»",48.49833830000001,32.233691500000006,МЧС Міської ради,тополя діам. 40-45 см,1,,,0,,,"м. Кропивницький вул. Академіка Тамма, 27"
"№ 3721
 від 11.05.18","м. Кропивницький вул. Академіка Тамма, 27 (на території ДНЗ № 48 «Журавушка»",48.49833830000001,32.233691500000006,МЧС Міської ради,верба діам. 80-85 см,1,,,0,,,"м. Кропивницький вул. Академіка Тамма, 27"
"№ 3721
 від 11.05.18","м. Кропивницький вул. Академіка Тамма, 27 (на території ДНЗ № 48 «Журавушка»",48.49833830000001,32.233691500000006,МЧС Міської ради,береза діам. 25-30 см,1,,,0,,,"м. Кропивницький вул. Академіка Тамма, 27"
"№ 3722
 від 29.05.18","м. Кропивницький вул. Короленка, сквер «Катюша»",48.5353893,32.2713092,ОКВП «Дніпро-Кіровоград»,береза діам. 40-45 см,1,,,0,,,"м. Кропивницький вул. Короленка, сквер «Катюша»"
"№ 3722
 від 29.05.18","м. Кропивницький вул. Короленка, сквер «Катюша»",48.5353893,32.2713092,ОКВП «Дніпро-Кіровоград»,"спірея, кущ",5,,,0,,,"м. Кропивницький вул. Короленка, сквер «Катюша»"
"№ 3722
 від 29.05.18","м. Кропивницький вул. Короленка, сквер «Катюша»",48.5353893,32.2713092,ОКВП «Дніпро-Кіровоград»,газон звичайний. 60 м2,60 м2,,,0,,,"м. Кропивницький вул. Короленка, сквер «Катюша»"
"№ 3723
 від 29.05.18","м. Кропивницький вул. Євгена Маланюка, уздовж дороги навпроти магазину «Світ»",48.5193219,32.280344899999996,КП «Благоустрій» МРМК»,тополя діам. 35-40 см,1,,,0,,,"м. Кропивницький вул. Євгена Маланюка, уздовж дороги навпроти магазину «Світ»"
"№ 3723
 від 29.05.18","м. Кропивницький просп. Перемоги, позаду ЗОШ № 20",48.520051,32.251020000000004,КП «Благоустрій» МРМК»,клен діам. 75-80 см,1,,,0,,,"м. Кропивницький просп. Перемоги, позаду ЗОШ № 20"
"№ 3724
 від 29.05.18","м. Кропивницький вул. Будівельників, 1-а",48.561578600000004,32.2417417,КП «Благоустрій» МРМК»,сосна діам. 30-35 см,1,,,0,,,"м. Кропивницький вул. Будівельників, 1-а"
"№ 3725
 від 29.05.18","м. Кропивницький вул. Велика Перспективна, 1 (на території ГУ НП в Кіровоградській області)",48.5115347,32.2620511,ГУ НП в Кіровоградській області,каштан діам. 65-70 см,1,,,0,,,"м. Кропивницький вул. Велика Перспективна, 1"
"№ 3726
 від 31.05.18","м. Кропивницький вул. Автолюбителів, 4, уздовж гаражного кооперативу «Автолюбитель-2» з боку
 вул. Автолюбителів",48.4876638,32.2264051,Гаражний кооператив,тополя діам. 25-30 см,1,,,0,,,"м. Кропивницький вул. Автолюбителів, 4, уздовж гаражного кооперативу «Автолюбитель-2» з боку
 вул. Автолюбителів"
"№ 3727
 від 31.05.18","м. Кропивницький вул. Академіка Тамма, 9",48.499674,32.2368108,КП «ЖЕО № 3» Міської ради міста Кропивницького,липа діам. 30-35 см,1,,,0,,,"м. Кропивницький вул. Академіка Тамма, 9"
"№ 3727
 від 31.05.18","м. Кропивницький вул. Академіка Тамма, 9",48.499674,32.2368108,КП «ЖЕО № 3» Міської ради міста Кропивницького,горіх діам. 35-40 см,1,,,0,,,"м. Кропивницький вул. Академіка Тамма, 9"
"№ 3727
 від 31.05.18","м. Кропивницький вул. Академіка Тамма, 9",48.499674,32.2368108,КП «ЖЕО № 3» Міської ради міста Кропивницького,абрикос діам. 25-35 см,2,,,0,,,"м. Кропивницький вул. Академіка Тамма, 9"
"№ 3727
 від 31.05.18","м. Кропивницький вул. Академіка Тамма, 9",48.499674,32.2368108,КП «ЖЕО № 3» Міської ради міста Кропивницького,абрикос 2 діам. 25-30 см,1,,,0,,,"м. Кропивницький вул. Академіка Тамма, 9"
"№ 3727
 від 31.05.18","м. Кропивницький вул. Академіка Тамма, 9",48.499674,32.2368108,КП «ЖЕО № 3» Міської ради міста Кропивницького,,,,,0,,,"м. Кропивницький вул. Академіка Тамма, 9"
"№ 3729
 від 31.05.18","м. Кропивницький вул. Соборна, 22-а",48.5023057,32.2475398,КП «ЖЕО № 3» Міської ради міста Кропивницького,верба плакуча діам. 75-80 см,1,,,0,,,"м. Кропивницький вул. Соборна, 22-а"
"№ 3730
 від 31.05.18","м. Кропивницький вул. Соборна, 23/34",48.50092249999999,32.2413927,КП «ЖЕО № 3» Міської ради міста Кропивницького,горіх діам. 60-65 см,1,,,0,,,"м. Кропивницький вул. Соборна, 23/34"
"№ 3731
 від 31.05.18","м. Кропивницький вул. Волкова, 14, корп. 2",48.50765879999999,32.2234158,КП «ЖЕО № 3» Міської ради міста Кропивницького,тополя діам. 65-75 см,2,,,0,,,"м. Кропивницький вул. Волкова, 14, корп. 2"
"№ 3732
 від 31.05.18","м. Кропивницький вул. Євгена Тельнова, 2-в",48.501893700000004,32.234619,КП «ЖЕО № 3» Міської ради міста Кропивницького,яблуня діам. 30-35 см,1,,,0,,,"м. Кропивницький вул. Євгена Тельнова, 2-в"
"№ 3733
 від 31.05.18","м. Кропивницький вул. Академіка Корольова, 3",48.5032615,32.235588,ОЖБК,горіх діам. 40-45 см,1,,,0,,,"м. Кропивницький вул. Академіка Корольова, 3"
"№ 3734
 від 31.05.18","м. Кропивницький вул. Арсенія Тарковського, 2",48.516248,32.2783987,КП «ЖЕО № 2» Міської ради міста Кропивницького,черешня діам. 30-35 см,1,,,0,,,"м. Кропивницький вул. Арсенія Тарковського, 2"
"№ 3735
 від 31.05.18","м. Кропивницький вул. Архітектора Паученка, 51/44, уздовж дороги по вул. Архітектора Паученка",48.509276,32.271429,КП «ЖЕО № 2» Міської ради міста Кропивницького,акація діам. 40-45 см,1,,,0,,,"м. Кропивницький вул. Архітектора Паученка, 51/44, уздовж дороги по вул. Архітектора Паученка"
"№ 3735
 від 31.05.18","м. Кропивницький вул. Велика Перспективна, 25/34, у дворі уздовж паркану",48.5115341,32.268664,КП «ЖЕО № 2» Міської ради міста Кропивницького,тополя діам. 70-75 см,2,,,0,,,"м. Кропивницький вул. Велика Перспективна, 25/34, у дворі уздовж паркану"
"№ 3735
 від 31.05.18","м. Кропивницький вул. Архангельська, 65/108, уздовж дороги по вул. Архангельській",48.5050495,32.272339,КП «ЖЕО № 2» Міської ради міста Кропивницького,клен діам. 65-70 см,1,,,0,,,"м. Кропивницький вул. Архангельська, 65/108, уздовж дороги по вул. Архангельській"
"№ 3735
 від 31.05.18","м. Кропивницький вул. Пашутінська, 51-а",48.5083152,32.2683104,КП «ЖЕО № 2» Міської ради міста Кропивницького,каштан діам. 45-50 см,1,,,0,,,"м. Кропивницький вул. Пашутінська, 51-а"
"№ 3736
 від 31.05.18","м. Кропивницький вул. Гагаріна, 7",48.5138824,32.2693798,КП «ЖЕО № 2» Міської ради міста Кропивницького,берест діам. 55-60 см,1,,,0,,,"м. Кропивницький вул. Гагаріна, 7"
